Class,x,y
C1 C2,continuous,continuous
class,,
C1,0.459813158345842,0.5323061683539722
C1,0.4938240049870976,0.539981399497791
C1,0.48600287984390506,0.5327005247950102
C1,0.4915545062628138,0.5345777749092439
C1,0.47779853053962773,0.53067367679838
C1,0.46335662539082534,0.517273386500284
C1,0.46234498292355136,0.5477951700668062
C1,0.48605311100530985,0.531622419999931
C1,0.4747827501329986,0.5495510424865717
C1,0.48364121482639444,0.5258343035104931
C1,0.4750903702287933,0.5317236847863437
C1,0.46926597884781596,0.5365202370666524
C1,0.4857566667083487,0.5193671463486755
C1,0.4842325506302734,0.5214975500156981
C1,0.4748593664081006,0.543380593269751
C1,0.47745037965792175,0.5412896315535991
C1,0.4660638433740326,0.5444141209677046
C1,0.4820368393791309,0.5451619782106848
C1,0.4911326715481141,0.5363239875554083
C1,0.47255498093023623,0.5396835791653045
C1,0.4751164628854453,0.5440247811953662
C1,0.46837980827639014,0.5492879193004078
C1,0.49741393368311676,0.5363091471859459
C1,0.4714143767304516,0.53020340320764
C1,0.47429118298506534,0.5294204991359628
C1,0.460002139871675,0.5367181999555035
C1,0.465538716934251,0.5429957341507171
C1,0.47391233954496226,0.5228526961907376
C1,0.46274638394477363,0.5312479438239561
C1,0.44098053275143473,0.522481028329392
C1,0.4708242295501254,0.5387545681321748
C1,0.4715989379642853,0.5394818767399479
C1,0.4732136853607957,0.5188667057286
C1,0.45842482079926833,0.5247293642195527
C1,0.47159030862895135,0.5284962395756061
C1,0.46864645694692164,0.5258515922332391
C1,0.4765513658233573,0.5290194112586355
C1,0.4602233866996902,0.5162273509032094
C1,0.4555797639704988,0.5215725139874637
C1,0.48627562867443846,0.5322020373872555
C1,0.4877211329959533,0.5233145584770958
C1,0.4680975423657263,0.5126794178111366
C1,0.4594385915170977,0.5369797459146614
C1,0.4663902069045019,0.5591155581997765
C1,0.45775175183347316,0.5355918332317628
C1,0.47891581938444006,0.5132294158754733
C1,0.47187154912369295,0.5260105757589224
C1,0.4877259243627597,0.5416517152511705
C1,0.4770573961877017,0.5258105651916816
C1,0.47862921951562326,0.5106811133466251
C1,0.47480816527152897,0.5460478791460666
C1,0.46554818258700625,0.5211914978433112
C1,0.4174460027055135,0.7219133600418992
C1,0.4065452456821974,0.7554789776691616
C1,0.4151434393695269,0.7177727880567027
C1,0.41244552745341884,0.7316407030007844
C1,0.4149522886378951,0.7286007819051074
C1,0.4176938981601765,0.7489914933968117
C1,0.4108488618756941,0.709041702917395
C1,0.4199710374025674,0.7159912086000069
C1,0.40579323898852715,0.7217947867870173
C1,0.41306601486292926,0.723434686766544
C1,0.422678001692105,0.7181261610788372
C1,0.39790595704448606,0.7132368504980554
C1,0.4023076423374797,0.718338066484934
C1,0.4002781863942875,0.7071773352694347
C1,0.4041767107869771,0.7075158015336173
C1,0.3955444338396838,0.7066596936397128
C1,0.38085350411425256,0.7048248150757558
C1,0.39702637360891,0.6908345058613224
C1,0.3747954780561202,0.6837746403173937
C1,0.39131563200449737,0.6897009703915844
C1,0.3820071569250121,0.6879098799901149
C1,0.3790709295582229,0.67819592565364
C1,0.362008277411585,0.6966148364569581
C1,0.36990662683405817,0.6857845258082216
C1,0.3697930057942982,0.6595475399360388
C1,0.36783614669788645,0.6769564940623677
C1,0.3626219002505334,0.6738416905146583
C1,0.3693598443615824,0.6575009456721638
C1,0.3432373277204666,0.6380759977229438
C1,0.3548952995564035,0.6239054775963159
C1,0.3606324227718903,0.6476654269655522
C1,0.34366572063814066,0.6267800735684496
C1,0.3444093072998223,0.593680040415088
C1,0.33685765838175064,0.5877129551218848
C1,0.33883314865045555,0.5860256914924935
C1,0.3507836079388727,0.5974051876925479
C1,0.33091000552827265,0.5672850591413229
C1,0.32860463308142907,0.5685370396585655
C1,0.33448077506098256,0.593760216991682
C1,0.33802041334481703,0.5727943284835337
C1,0.324997595223705,0.5573025396519523
C1,0.3523608275403152,0.5632752397934347
C1,0.32567882847660806,0.5479688444064094
C1,0.3348674681486794,0.5542898315617526
C1,0.31847627808913515,0.5352936446069743
C1,0.32394692298257033,0.5286732190446204
C1,0.3234260856694045,0.524125418780242
C1,0.32373518303580495,0.5317376029570241
C1,0.31535977034333296,0.47448722302670227
C1,0.3154342406722436,0.46751009592113135
C1,0.31927354404051667,0.46629764056969863
C1,0.3133455332083159,0.4624712430351291
C1,0.3087954933455917,0.46626456305944464
C1,0.3157914070151534,0.4431633906040895
C1,0.3268445617718151,0.45750796221294115
C1,0.30437986243582016,0.4365051316802807
C1,0.31493619790301086,0.40578390039770046
C1,0.31807284318348056,0.3824597456447078
C1,0.3301237948839679,0.42800267798047054
C1,0.3181183164322989,0.4106019529083986
C1,0.3496394260381115,0.37230840838459395
C1,0.3406874126357176,0.3704510185101701
C1,0.333316803685455,0.3816409172194971
C1,0.33975395646134016,0.3781205395569593
C1,0.36362703721429085,0.34868225997678665
C1,0.3646393761463752,0.3554561410762967
C1,0.35581816466062927,0.3328920596715744
C1,0.36079770367135494,0.3443372965857839
C1,0.3904185646216966,0.32429492255059683
C1,0.386329012207927,0.3222518894393602
C1,0.38016285875837486,0.3089012703333057
C1,0.377208388432195,0.32813205699519127
C1,0.3851402297325072,0.31418912680907574
C1,0.4381429788904113,0.3061529702981799
C1,0.4380095225048683,0.2932402983961416
C1,0.40389520921177186,0.29800256879319487
C1,0.4466733038855627,0.2979851530285691
C1,0.42149623441421663,0.2911320922937371
C1,0.44510381697617163,0.3034617897699765
C1,0.4639755273209054,0.2708381572017177
C1,0.4843816462500573,0.27118426536364515
C1,0.49236403158346503,0.2880312840244779
C1,0.49643652330664184,0.2863291996036519
C1,0.4881634038523482,0.2643159133124623
C1,0.5034561077552677,0.28750363325529577
C1,0.4982860875749238,0.29461330273549746
C1,0.49209397233024177,0.3000822252487908
C1,0.4982656186828651,0.26027087783221486
C1,0.5536470894975398,0.2804000043232445
C1,0.5281111074141254,0.27894396855234177
C1,0.5340867810994668,0.26784776927117593
C1,0.5386839753804928,0.2859368160022575
C1,0.5629323205683887,0.27946794340784353
C1,0.5871567896647275,0.29672835099394407
C1,0.5726834388105364,0.29264110390759407
C1,0.5632683677684607,0.27901882453401233
C1,0.5962349684957301,0.28113011709580904
C1,0.5970536506947268,0.29557579513442334
C1,0.5873322939748034,0.27459508982930164
C1,0.6030328039821218,0.27682206106291013
C1,0.6127071774013586,0.29787410697826283
C1,0.6087068404406434,0.28438327229419363
C1,0.6092392258339759,0.27820404486098854
C1,0.6118719677690205,0.2660044750861755
C1,0.6317494513621161,0.28330084434314473
C1,0.6431566816545983,0.2883690191138519
C1,0.632128141917274,0.30537360727954965
C1,0.6272830729449957,0.3099550376234277
C1,0.6556698494720737,0.32367463588040674
C1,0.639866691957204,0.31413455525054856
C1,0.6525401290049403,0.3209853663951507
C1,0.6504441096132317,0.28922611465383125
C1,0.643218797630822,0.3389474314052893
C1,0.6444672844617456,0.3593494339724066
C1,0.6588655833597487,0.3630373372078122
C1,0.6739518544377736,0.3439242740652199
C1,0.6803401751434555,0.38029994996991834
C1,0.668939706296338,0.3867813905177285
C1,0.6667080531090446,0.37928978432073357
C1,0.6735724972678561,0.38318380633049615
C1,0.6865108699797963,0.3994839012754049
C1,0.6599720853488955,0.40866628717508924
C1,0.6573728396201973,0.39814899316250474
C1,0.683652427593636,0.39812245496363935
C1,0.6793126797186074,0.43898588044174164
C1,0.683334323366642,0.4353172261267965
C1,0.6883250336161827,0.43952855395157386
C1,0.6757055569861907,0.45086810468203453
C1,0.6770012037115554,0.4768002696042266
C1,0.6617499119774056,0.44496175865119736
C1,0.6695533500988221,0.48362598234762794
C1,0.6794570131876466,0.4671827205050866
C1,0.6874577351415447,0.49372497453718006
C1,0.6779927333643445,0.5027937202786517
C1,0.7029107597495395,0.5133533057793256
C1,0.6852820297684751,0.5245192642960977
C1,0.667155012427304,0.5359460065178854
C1,0.674795445273078,0.5332373894066093
C1,0.681984986900173,0.531235241983668
C1,0.6812940630969321,0.5534750896129405
C1,0.6473308760724127,0.5565567894316811
C1,0.66434916228913,0.5610286938114872
C1,0.651461210570115,0.5645137441089475
C1,0.6716810462431713,0.5523309453914396
C1,0.6597172458440248,0.6181796757885489
C1,0.6602427393436905,0.5784145893932546
C1,0.6488610923957093,0.5994428215253161
C1,0.6501292771574574,0.5798606534734099
C1,0.6290760901690928,0.6263581652208484
C1,0.6314492026850237,0.6284759242515797
C1,0.6676599544668098,0.6244937792560689
C1,0.6314966718689561,0.621944894562047
C1,0.6356963785713358,0.6668758281732683
C1,0.6178624292797817,0.6554545836667455
C1,0.6075654308201692,0.6443086918531993
C1,0.61278990018328,0.650250361609631
C1,0.6071926125831079,0.6676093238102218
C1,0.5761267239296628,0.673528891182663
C1,0.5974552610537126,0.6624028013260082
C1,0.5720292896116793,0.6927740724241469
C1,0.5627684467011014,0.7101899933389628
C1,0.5417675634226038,0.7313215922989099
C1,0.5797911715184972,0.7339529086619315
C1,0.5419874812788377,0.7222164701980491
C1,0.5588760837756286,0.7466201963781524
C1,0.5333999676420148,0.7403824666727751
C1,0.5219672784370085,0.7362142747985703
C1,0.541559077885777,0.7377786224130243
C1,0.5368532071318403,0.7453197020963173
C1,0.5367400636642845,0.7460324926913577
C1,0.545255613138474,0.743999570848558
C1,0.5276779640330648,0.7282308610890248
C1,0.5042491180861443,0.7638637078108715
C1,0.48428900513130946,0.7603007306677939
C1,0.47736162044321045,0.7371421048052739
C1,0.49501998129494407,0.7548137147423721
C1,0.4495199295255052,0.7545427523979842
C1,0.46098334480436787,0.7694711529920772
C1,0.47984897436208696,0.7431452411735793
C1,0.4678254929680113,0.7566353903902586
C1,0.4510296537632767,0.7620011065737922
C1,0.42036165914288054,0.772440502836652
C1,0.4354360707396899,0.7505643935704868
C1,0.4202839351186082,0.7627654567188247
C1,0.421914225547664,0.7677236223527153
C1,0.4188601384953296,0.7668580582608405
C1,0.41505160194887775,0.7415873838726573
C1,0.44024999205620424,0.7532530695549384
C1,0.4187052489413426,0.7422072636824272
C1,0.41524703234015775,0.7586878717208203
C1,0.41447999571336264,0.7481270957730133
C1,0.4214996294622532,0.7392848920830659
C1,0.38688443165411773,0.7564932814115438
C1,0.39889805024597647,0.7538670255721468
C1,0.40992680556193883,0.7342270939248474
C1,0.4076270952691877,0.7641818337120424
C1,0.3784959227704264,0.9365292561945059
C1,0.37960100903847743,0.9440495795875314
C1,0.3788977102283258,0.940655873191083
C1,0.38824839967335223,0.9327486672212234
C1,0.40985841677524837,0.9176842907767848
C1,0.38459696178496466,0.923398762349732
C1,0.39521035478252925,0.9362681527982644
C1,0.3725722765468786,0.9243135804748003
C1,0.38145550059503675,0.9346997620733279
C1,0.3830572619391526,0.9407007395871594
C1,0.37754295486304257,0.9372457315490096
C1,0.37415897829499206,0.9190055615317573
C1,0.333773627435648,0.9158167485207975
C1,0.3583478532092407,0.9288618130351931
C1,0.34866239688668266,0.9247646246267034
C1,0.3626372662990043,0.9110109602598779
C1,0.3373760807438567,0.89599829560009
C1,0.3383209972403732,0.9111664262718208
C1,0.3279353142270444,0.9074385729604816
C1,0.3519218522090664,0.9075308924370489
C1,0.29127723980861225,0.8995181224899489
C1,0.28129290556788755,0.8667424037498312
C1,0.3016368551181386,0.8881808099419578
C1,0.301121951150593,0.868736352666571
C1,0.27980920226202294,0.8676263345973384
C1,0.2815985371300418,0.8479066473977429
C1,0.27524403899178285,0.8672888278632193
C1,0.26886700629219223,0.8337982170591431
C1,0.23552186561326177,0.8121297108969225
C1,0.2522520523141961,0.8001719799191792
C1,0.25841366893292966,0.7786059450736925
C1,0.2174960664012478,0.8086444030606738
C1,0.21463989450264234,0.7445894593405517
C1,0.21580483407007064,0.7321006182529891
C1,0.2236169184219785,0.7605912150871117
C1,0.20384161599553066,0.7576344976482167
C1,0.18668111935326454,0.682587453029603
C1,0.20239197148141663,0.6872121803544082
C1,0.2125835073843358,0.67823840858435
C1,0.1992544557805573,0.6779104444902547
C1,0.16650429111346762,0.5991100623372221
C1,0.1648346188253104,0.6176739894971206
C1,0.1460908673707169,0.6111357537918022
C1,0.18604971211042454,0.61986618172182
C1,0.14509271954462488,0.5619959941075456
C1,0.16692553331258178,0.544893842099353
C1,0.13088040229926523,0.5396444570920794
C1,0.1372258972764966,0.5416032904889205
C1,0.13302065249404924,0.49087455749769715
C1,0.13477079247522905,0.5007936002333505
C1,0.15032120933518764,0.4973909244378226
C1,0.10893773912977808,0.46822035488936914
C1,0.11347801902717698,0.41376353624736023
C1,0.13729597097675234,0.4183691860217615
C1,0.13621422457603177,0.41088621222201
C1,0.10625343670383987,0.41477595742223133
C1,0.12105850388739195,0.33764274324362037
C1,0.1321628435706585,0.35213014827907996
C1,0.12303668752608474,0.34317645395091123
C1,0.13259581905338547,0.3474990292433485
C1,0.13231855388912164,0.28713864904984643
C1,0.14530678663694283,0.303237915245817
C1,0.13427767132313378,0.32305480966252426
C1,0.13279713066559598,0.2991067619528498
C1,0.18649213502920797,0.23255172830472381
C1,0.17371751562706317,0.24057013169185157
C1,0.16696830219130804,0.226852494738657
C1,0.1534769097446456,0.23635331280002286
C1,0.196540669665526,0.18771100762632578
C1,0.18990499165743205,0.18846439060014888
C1,0.1997233469737135,0.20668487153640422
C1,0.2111554639401758,0.19250875649591961
C1,0.23477019066094787,0.15733708300254118
C1,0.24923970257928382,0.1387107123310363
C1,0.26274179922161023,0.1557242124551786
C1,0.2496160803301742,0.1425118111159574
C1,0.28898693161534716,0.08069122136609111
C1,0.30226817081680324,0.10118476638795865
C1,0.3250055477575553,0.06752960330947821
C1,0.2961076465403263,0.08916840011190341
C1,0.3481111692502355,0.06151360811598526
C1,0.35764028990693747,0.06415920955863412
C1,0.33842409248249167,0.06700509720887012
C1,0.36894047887341913,0.04247613795597109
C1,0.39152608157416674,0.05384225826057792
C1,0.39953557464569106,0.05036517456883124
C1,0.3822154045356365,0.05136473128763595
C1,0.3675111990877565,0.047178192448825124
C1,0.42591648644797636,0.03265910232050682
C1,0.447889532596994,0.03259086963566403
C1,0.43155382120195523,0.056455305669658604
C1,0.4404527029436987,0.029941597658140924
C1,0.4948653776522249,0.05181677671614857
C1,0.507924945811436,0.059753392447678313
C1,0.501678965259073,0.03554410728513249
C1,0.50105418903673,0.047579489067938775
C1,0.5569108000550214,0.056196277848981784
C1,0.5920687853490176,0.032502178145789117
C1,0.5741608182180844,0.04894383297401619
C1,0.5637770226491319,0.03243127467141206
C1,0.6309358272556453,0.07189507265366817
C1,0.6275282300330074,0.06729112581929288
C1,0.6346880270421074,0.07306943912987315
C1,0.6485310418547157,0.07283238880608818
C1,0.6946982478279123,0.10156704824359586
C1,0.7069064873352583,0.10222532158843663
C1,0.7065160560551518,0.09289807452905202
C1,0.6748389910810483,0.09773154295838704
C1,0.7311163660746044,0.14115276619772618
C1,0.7504183515817974,0.13726801318156207
C1,0.7354855425933048,0.13819735276926035
C1,0.7393626127713462,0.12829790823005677
C1,0.775845467623432,0.14432175171564
C1,0.7565292081656697,0.16041420298938622
C1,0.7776648745564793,0.14389628615491762
C1,0.7767254551466327,0.1588966333608707
C1,0.8100258576190833,0.19410697966507942
C1,0.8088291368847121,0.19597504122070186
C1,0.8236022810605811,0.2056695553480805
C1,0.8132283284897565,0.21644708934672302
C1,0.844150359262025,0.24327095932850518
C1,0.8459634462729474,0.2333280689488386
C1,0.853927310170748,0.21841793965321046
C1,0.856786324991408,0.2274561928104421
C1,0.8916795778282756,0.27673857853465517
C1,0.8358420264299645,0.27916671380601576
C1,0.871873972514871,0.27742829023560567
C1,0.882376227794951,0.2895630836286041
C1,0.8924484390018111,0.30987786365817477
C1,0.8763344546502443,0.3307198453804749
C1,0.8650000656250052,0.3095411342337666
C1,0.866638164790446,0.32901592387895984
C1,0.8811202343806739,0.4077472485623921
C1,0.8746549368274155,0.40500174925185123
C1,0.8874217298094152,0.4016932558222365
C1,0.8751226449947677,0.4028980795392789
C1,0.8723051521978502,0.44155316891646507
C1,0.8779012618723981,0.4519467129816906
C1,0.8582553225455599,0.4639259450000505
C1,0.8870484239147118,0.45326031297468117
C1,0.8597930312029693,0.5349476975396146
C1,0.862704636407529,0.5281182028162993
C1,0.8634179755984969,0.5462789346982331
C1,0.8584680292629431,0.5459147063211914
C1,0.8510843650812085,0.5889132953174727
C1,0.8410635654158313,0.5785230795388611
C1,0.8456945354966175,0.6061226304404714
C1,0.8306414244501914,0.5993608465964985
C1,0.8176468557360683,0.691725312572546
C1,0.8163144515336631,0.6828932907984838
C1,0.8093828987984206,0.6985767230976244
C1,0.808028326283735,0.6743557839151114
C1,0.7778605776620269,0.7603451824551383
C1,0.7632362412053576,0.7673476428150005
C1,0.7993974088826733,0.7537265468004872
C1,0.7657525886665189,0.7622935129605841
C1,0.7029558331414826,0.8226410277184995
C1,0.7137090800257343,0.8418822971406364
C1,0.6984139134912318,0.8192510889849961
C1,0.7186391153196716,0.82819440268454
C1,0.6719337225831243,0.8829951977160425
C1,0.6576795032566854,0.8843374886486118
C1,0.6685029448780341,0.8891628912085474
C1,0.6874831800763752,0.8733556594561297
C1,0.6309506091019247,0.9116121855909927
C1,0.6111982314260901,0.9141015838504457
C1,0.6090972319834381,0.9043405785722205
C1,0.6327899241039459,0.9071659381739079
C1,0.5552905324906116,0.9311268360816866
C1,0.5454789593239567,0.9096858257325287
C1,0.5480318536885238,0.9275982528896459
C1,0.5602738021955811,0.9464101778716314
C1,0.48749426360895715,0.9234865042774051
C1,0.4948021278945268,0.9353194226826872
C1,0.47379933094728555,0.9371139092608547
C1,0.49224747315371814,0.9242535022473115
C1,0.44001498228249963,0.9485288032243272
C1,0.4409269473777751,0.9447107582250747
C1,0.4457253841608137,0.9470776662164231
C1,0.43137782470533276,0.9285598556335293
C1,0.4078866028183075,0.9493828546982245
C1,0.40271220062089563,0.9365660531967775
C1,0.40490436707547767,0.9591765808577363
C1,0.41024534318762085,0.9498026710054189
C1,0.3803991663124291,0.9474916787259476
C1,0.3835856504505054,0.9424992758846413
C1,0.3942115122600032,0.9459898625086223
C1,0.397924646867372,0.9150757550632835
C1,0.3972709696070696,0.951532378239815
C1,0.41185199219617386,0.924368028528315
C1,0.3966605917115772,0.9510000622907234
C1,0.3893185114256735,0.9357473076792179
C1,0.2617645101168874,0.9931430064884731
C1,0.24367706272374492,0.9956120803723173
C1,0.22504248844660862,0.9991563485509658
C1,0.1890418270072539,0.9968078310472243
C1,0.20717936095513848,0.9797616544129337
C1,0.20272455989213883,0.9794958155005691
C1,0.20723041465479333,0.9902599795725575
C1,0.1683515768365025,0.9543946878431141
C1,0.16784321088251952,0.951986012990381
C1,0.15627019365395764,0.9529886556918421
C1,0.1700545410191537,0.9423664914973761
C1,0.10226446427491594,0.9201411705814505
C1,0.12040863350073659,0.926107633129425
C1,0.09925541483392344,0.9046260202591866
C1,0.11148896737736413,0.8959142892934814
C1,0.08181895556722628,0.8795918042042378
C1,0.08147188113522877,0.8778455433339618
C1,0.09151314353839493,0.883327551387315
C1,0.09466816209997027,0.8889433676771624
C1,0.05550690054676499,0.8596650157148767
C1,0.06819853503468612,0.8422122651338412
C1,0.06584735961851809,0.8479309553088101
C1,0.03781137263466153,0.8255076707963511
C1,0.039833007597881984,0.8016458473124005
C1,0.0319705511882455,0.7946327533268945
C1,0.03602422341589225,0.7978306321296289
C1,0.030582046526178033,0.793527131540355
C1,0.02145363697964954,0.7452908752980326
C1,0.019581466256276908,0.7498002256229314
C1,0.02980538918852485,0.7308833190085845
C1,0.011391005383956439,0.748236809495988
C1,0.00022847998142601703,0.7245761824271919
C1,0.005837007371023183,0.2891420849023082
C1,0.0007199427887614289,0.29261193034511457
C1,0.009814057468228244,0.2375775788705704
C1,0.005009726321860972,0.2390032800721473
C1,0.01048112849074301,0.2540049040267803
C1,0.0027170403616941265,0.16672274048341468
C1,0.03156398202027442,0.1668798918257224
C1,0.02243514913487448,0.16284724541008605
C1,0.02610591964242486,0.19203682382801832
C1,0.05531692033718143,0.11168782386802674
C1,0.06230192518770581,0.12367828858091628
C1,0.0452505347348469,0.12032307759606477
C1,0.0618168183892391,0.1297999516225265
C1,0.07439924898620352,0.06195055610469376
C1,0.08425427865288349,0.08274644515137328
C1,0.06355859761297691,0.06360538452375276
C1,0.10110317865793945,0.06527052785762921
C1,0.10094489007547397,0.0403767903008113
C1,0.10975929550839118,0.03977051059404871
C1,0.1039934236586095,0.03309386784558102
C1,0.09266982788920097,0.02966851357406483
C1,0.13086986924610036,0.008661632527817608
C1,0.1375826505673821,0.00488058773312898
C1,0.12297395725468935,0.0005268202582229173
C1,0.8387407321426398,0.002091519611728253
C1,0.8600644073250412,0.01839569707220754
C1,0.863183204664358,0.005226383436315293
C1,0.8622019625394653,0.008810721207840927
C1,0.8354121257857445,0.01876276761716649
C1,0.842656178678512,0.004994511922805409
C1,0.884534967991068,0.041529832744497536
C1,0.8928721738777812,0.039724323653580855
C1,0.8998228464957154,0.030848182954364495
C1,0.9005535505235881,0.06674399444746341
C1,0.9159089075363384,0.100344475429405
C1,0.9287142768707879,0.10100563443292146
C1,0.9117541910727243,0.09935687877308731
C1,0.9190180902329748,0.09830842084799084
C1,0.9383516517884868,0.14849631389610535
C1,0.9375158136394303,0.15829049074717463
C1,0.9329048322112385,0.137662477601846
C1,0.9431500342592933,0.1615223760943688
C1,0.9504036522557763,0.18087682555314835
C1,0.9490738082863946,0.16381410466974025
C1,0.9582508187774678,0.2092905442071324
C1,0.9750627426688179,0.19091102550341796
C1,0.9677623749829355,0.21922571096541713
C1,0.9901886139569513,0.22799875891426621
C1,0.9882481725524777,0.23248040677158757
C1,0.9756613538196978,0.22072223081841877
C1,0.9844478122892113,0.26338673536542606
C1,0.9994527789470395,0.26390670735922866
C1,0.9920395125121588,0.2688237383942238
C1,0.9870830751809007,0.27121134884908243
C1,0.9948268936478583,0.2693928376962616
C1,0.995496526985804,0.26452211645000906
C1,0.9971883032777724,0.7306608051962484
C1,0.9838638498709641,0.7326578644093865
C1,0.9920024739045917,0.7538500522789239
C1,0.9992821274155448,0.7451556273916059
C1,0.9974373327939686,0.7780937506547545
C1,0.9895484485405662,0.7507003875570218
C1,0.9912238118825282,0.7547405293018784
C1,0.981548285587724,0.8281481223821984
C1,0.983298961309355,0.8278112681534713
C1,0.980536548625498,0.8246053898757991
C1,0.9973715055103496,0.819932739119427
C1,0.9656460242070148,0.8924827372950952
C1,0.9439156818890089,0.8900665420232743
C1,0.980441440600379,0.8727653553680682
C1,0.9785509952461653,0.8711235748472118
C1,0.9660593915033984,0.9421294031410636
C1,0.9453339830924832,0.912393014506787
C1,0.9522669363305364,0.9313980557547211
C1,0.9672801321764702,0.915705907358107
C1,0.9091229546349022,0.9558569703563794
C1,0.9055929891613166,0.9457552591265742
C1,0.919789309923597,0.9446918431408673
C1,0.9268600476050567,0.9441779857493523
C1,0.8600098646645729,0.9898042137165398
C1,0.9005073602187833,0.9658628487882596
C1,0.8959578997091939,0.9734053519564577
C1,0.8785073108895256,0.9560835881498329
C1,0.8484177846258719,0.9991622348626269
C1,0.8644631491927833,0.9918033796615873
C1,0.8532111350715642,0.9964537488062531
C1,0.8601922046498102,0.9993111148786795
C1,0.8185856841100243,0.9920070804835838
C1,0.8264891717260254,0.9956914874108567
C1,0.7980724237236925,0.9933888826254903
C1,0.8134881081385782,0.9844221815162171
C1,0.9892055164093253,0.2920288975296344
C1,0.995022633404348,0.27638955851135105
C1,0.9775557694275178,0.28040411017727523
C1,0.9958876440551148,0.2802806264554757
C1,0.9934953230808945,0.2862140417089343
C1,0.9997235123453202,0.283575814637048
C1,0.9957343507405437,0.3385419912414766
C1,0.9988002962807782,0.39801464588800345
C1,0.9870239977790841,0.4128279937471565
C1,0.9980726157370973,0.4413773775710024
C1,0.9741063615182461,0.46773195660444566
C1,0.9947320706014217,0.5162878452522068
C1,0.9921842339721693,0.6039907440764205
C1,0.9871077101441456,0.6644463804690536
C1,0.9790109146821516,0.6697607043093398
C1,0.9935105929520506,0.7658780198724704
C1,0.9996199105962776,0.7412009157736986
C1,0.9774566856311752,0.738151426964306
C1,0.9761589240163542,0.7372518966994162
C1,0.9896403339182557,0.7613463454104615
C1,0.9899869598480697,0.7849563445492967
C1,0.9887337832240142,0.7718852137196753
C1,0.9914699787172986,0.7858253920710057
C2,0.48017289656508977,0.664896669000572
C2,0.43891576452480346,0.6441543878371356
C2,0.4593548845173873,0.6546123901719599
C2,0.4620887814529796,0.6605817328062457
C2,0.48240584390512836,0.6484349157567599
C2,0.46710228532592196,0.6711464260009072
C2,0.4506025593479271,0.6701049563726281
C2,0.4533610269965651,0.6471124494475828
C2,0.4380988265862142,0.6475535294267621
C2,0.45131200350167877,0.6594783375183436
C2,0.4502241949027691,0.6442821812699131
C2,0.44448563723851453,0.6671679238110342
C2,0.41767069922460015,0.6313072249804406
C2,0.4280342301189272,0.6432947311490825
C2,0.43051813796760424,0.6510691367671134
C2,0.4277976571913906,0.6344281806978204
C2,0.4076755387032183,0.6277483735073944
C2,0.4118910519312935,0.6292259410175027
C2,0.42721076245365297,0.5939780267402289
C2,0.39009261736788536,0.611141533734943
C2,0.3861558257370712,0.6079935439175675
C2,0.38184909363818154,0.6231859212931233
C2,0.39182872778743855,0.6049768147129762
C2,0.3962660376445696,0.6164948027162717
C2,0.3753406171350605,0.586546060399655
C2,0.3858493979272024,0.579103667021889
C2,0.37544513246431105,0.5932598197679719
C2,0.3785526452019325,0.5747612374951351
C2,0.3653617997891379,0.5414991617234829
C2,0.38410619661449635,0.5496059105094754
C2,0.38097007115014675,0.5471174083314179
C2,0.3731036376193298,0.562813309604106
C2,0.37699791471188177,0.5180940264520771
C2,0.380209322080912,0.5050874745988339
C2,0.37820469621011593,0.5244154102950983
C2,0.3914786251090914,0.5366123514085283
C2,0.3777486363258379,0.4936987737040588
C2,0.36816311314466493,0.4788031689018294
C2,0.38346703295258266,0.47266456338181434
C2,0.3711207725624378,0.48788174850088123
C2,0.38381081205564993,0.4476474965680378
C2,0.3969347668874667,0.4467934132544688
C2,0.3883224532866265,0.4532917207723281
C2,0.38853213422073857,0.4321392895921821
C2,0.40033227895035856,0.422777369683449
C2,0.399742804096854,0.4238160843198778
C2,0.4305769195328112,0.4027043999951765
C2,0.41905587453185233,0.40035738557343825
C2,0.4227161973090718,0.3902129247991563
C2,0.425454056619052,0.37708288980224447
C2,0.4350542083088528,0.38755717531494077
C2,0.42425908420337993,0.38927210266089723
C2,0.4676600294439417,0.36123959911588077
C2,0.454363277745583,0.37490615984088643
C2,0.4451732963721693,0.38231192080472315
C2,0.4502272691543822,0.3871428774048529
C2,0.47419727841255177,0.3619226592871159
C2,0.47826508400001233,0.3531067009673812
C2,0.4819764132386404,0.3547797786227273
C2,0.4803648751967737,0.35100602692218347
C2,0.520315903139588,0.3377567426629905
C2,0.5160068057920465,0.32847146500481295
C2,0.5065324623292714,0.3595941279282448
C2,0.4968388216944161,0.34022071079745725
C2,0.510404871404717,0.36162209931457423
C2,0.5117528859634712,0.3535807273376803
C2,0.5342283473282387,0.34283435890624403
C2,0.5282690879170016,0.3494611381137794
C2,0.5629497692107646,0.3886138325887373
C2,0.5431288462199569,0.37243655674357906
C2,0.5643370603309726,0.39030530980249317
C2,0.5371177604635492,0.38194506474484535
C2,0.5763298182755109,0.40968960275964944
C2,0.5932733945593031,0.41034401775022894
C2,0.5922897068765146,0.41744882416197276
C2,0.5853430959889679,0.41705592526379015
C2,0.5947287810808973,0.4541518376500312
C2,0.5805370610614942,0.4488279865894011
C2,0.5859454264775108,0.4475510684830334
C2,0.5968075048353306,0.4380811891679914
C2,0.6056655120076188,0.47948611020770404
C2,0.6082178151476368,0.5026006902500748
C2,0.5827855274597643,0.49631540410408576
C2,0.5910542861143946,0.47976654287066844
C2,0.5960299645106879,0.525258978587646
C2,0.5868302743548347,0.5173106115578476
C2,0.5845715993529056,0.5115134264096981
C2,0.6062062435012199,0.5254904743067174
C2,0.5784675949940387,0.5706798355781654
C2,0.5791211657644403,0.5701057414657851
C2,0.5873195988701835,0.5544601338164166
C2,0.5874272257357495,0.5662268203456587
C2,0.5628268926233418,0.6090133303285854
C2,0.5576030913451078,0.6166175666248206
C2,0.5428021969165564,0.6089282998279621
C2,0.5413154075998716,0.6079229752279343
C2,0.505657301640183,0.6672455188393365
C2,0.5182212740185618,0.6780343709452663
C2,0.48756055228035877,0.6874250232989224
C2,0.5155650685486572,0.6899217294239474
C2,0.4899522406194091,0.6984122316897052
C2,0.48163894602550567,0.6788333232422974
C2,0.4721898298750886,0.702051293527297
C2,0.4602972751234104,0.6853950814671677
C2,0.4831652669560103,0.6505681694125669
C2,0.5047136248019206,0.6633317579412567
C2,0.5084392770727497,0.6762570320485926
C2,0.488977968533804,0.663822920881279
C2,0.5385825889746462,0.600959620280675
C2,0.5304892997785847,0.6053131948585815
C2,0.5179796541716668,0.590646376510673
C2,0.5269018170762159,0.5850085769639627
C2,0.5409830335054151,0.5819346723677207
C2,0.5367003085361348,0.5538912385263998
C2,0.5363223298255995,0.5577358845250242
C2,0.5484968254969359,0.563394296700081
C2,0.5640371018714506,0.5315105108061801
C2,0.5435206792627529,0.5222189027202191
C2,0.5549632879108334,0.5360008180141417
C2,0.5556941843793434,0.5401302438906798
C2,0.5665047953670085,0.47126254747345514
C2,0.5645867113587671,0.4817676176057026
C2,0.560919284022996,0.48448109125381816
C2,0.5536488486559218,0.48365506152934135
C2,0.5663175249950498,0.4613450625079356
C2,0.5690771175428998,0.45182194186373414
C2,0.5755158485810685,0.4548075443436188
C2,0.5673340297934558,0.4645514513652007
C2,0.5770029740754816,0.4434700388842746
C2,0.550166237194511,0.4653595819310581
C2,0.5619768259501057,0.447222610954353
C2,0.5679930535942307,0.4478410981894039
C2,0.5365122028573553,0.4379836062460671
C2,0.5414305395363244,0.45707586347388796
C2,0.5450119287939814,0.4538000901433221
C2,0.5548553188697416,0.43760527527656695
C2,0.5177883930198012,0.454887970853493
C2,0.5086586707652436,0.42950995108086965
C2,0.5132850438337093,0.4290782609724037
C2,0.5241725544654382,0.4219729363141887
C2,0.5109983784099306,0.4140299672636438
C2,0.5012312037140091,0.4489656673969428
C2,0.4921684345144647,0.44396926373545087
C2,0.4841074534026892,0.43395087262281995
C2,0.46110347581626493,0.43423006520750024
C2,0.4568177869172092,0.4138683294498727
C2,0.4573084203914459,0.4223245527105206
C2,0.4592898880883221,0.4454911902419549
C2,0.4522479238412758,0.4332153279025068
C2,0.4474268334377067,0.436472915015126
C2,0.45160823608218664,0.4152699974440316
C2,0.47353520272585975,0.4408574320615579
C2,0.42337575955693946,0.4304667272465174
C2,0.4422024712002546,0.4526943549210181
C2,0.4495241001740549,0.4361915502558985
C2,0.434144718561049,0.4526031731129315
C2,0.45108826733885676,0.446142553943041
C2,0.41628035523798296,0.42176888298460957
C2,0.4486197363786288,0.43089900319843577
C2,0.44148576165359305,0.43799459476848257
C2,0.44955112423801724,0.45535501426512714
C2,0.4379848376967759,0.43203961915630046
C2,0.4301453370208101,0.4238673139027836
C2,0.45817468605287587,0.43637927008077143
C2,0.4750043910148771,0.3985485383049586
C2,0.46191214798329544,0.39352415946583036
C2,0.4600975992126597,0.39769560319670444
C2,0.4583593674861563,0.3965719413336292
C2,0.4617249813528169,0.4048227988719049
C2,0.4755320961145112,0.416431485507255
C2,0.47392651174044614,0.3789409187816542
C2,0.4705670420338145,0.40421286500878423
C2,0.4937260960077263,0.4069833092466235
C2,0.5002261543101852,0.3733581419038594
C2,0.510672504926814,0.38996197713788017
C2,0.5019819177945901,0.4052402675659615
C2,0.5256845702625863,0.3964911149280081
C2,0.5246308831458093,0.40247995257268054
C2,0.5195954294169576,0.4101234091588321
C2,0.5229337422731867,0.40343112331660114
C2,0.5565883104041429,0.42176695621918775
C2,0.5528232903018883,0.4282197582976575
C2,0.5527943850170886,0.4125952552208308
C2,0.5480268241837541,0.4015059331067106
C2,0.582423169130428,0.43912073923889205
C2,0.5556772354137424,0.44011917766334835
C2,0.5676640359921737,0.4526535726174376
C2,0.566325024005428,0.44722177522704454
C2,0.5717994746190792,0.4527235059786278
C2,0.5622473471988297,0.43562692285823595
C2,0.5597818836840232,0.4484935308026359
C2,0.5829805276478743,0.45417361455012584
C2,0.5782726196614988,0.4499264080548945
C2,0.5582944369520809,0.4507947346195803
C2,0.5714520516618539,0.4443551108516122
C2,0.5723592479726614,0.47104698073129436
C2,0.6216790728578884,0.47812712478399977
C2,0.6130429845374866,0.46124419809158
C2,0.6103810006551881,0.49506465846862363
C2,0.6106433230359907,0.4524078337767539
C2,0.603902428705191,0.47060724592576264
C2,0.6141931128023294,0.45211473875949804
C2,0.5907181043482247,0.4987003209039104
C2,0.5917875047534107,0.46821622020967113
C2,0.6098337153335492,0.5253008832891879
C2,0.5992463704718154,0.5343922596769167
C2,0.6148733152214816,0.5202764700038831
C2,0.6279695473783786,0.518839963270893
C2,0.600810689375633,0.551127377439914
C2,0.5907885617486357,0.5565502062343496
C2,0.61014584186704,0.5416448038158755
C2,0.6148250484647739,0.5552181154141015
C2,0.5948241267387216,0.6261750602307198
C2,0.5849039094851395,0.6212377836533143
C2,0.5727124498649916,0.6298690824903268
C2,0.5922795058688793,0.6228520227144866
C2,0.5683682999915328,0.6337914162996571
C2,0.5646091408705992,0.6368707917137478
C2,0.5663811916122321,0.6363573356121501
C2,0.5674334517633434,0.6359491123006328
C2,0.5446930309287834,0.6643314491776887
C2,0.5283937793267384,0.6572388304175868
C2,0.5518635007210088,0.6581372009952197
C2,0.5324233655279443,0.6679067612405325
C2,0.5181166302837068,0.6788338985527164
C2,0.5245943535662959,0.6491697348782043
C2,0.5172145070479293,0.6797372013111759
C2,0.5325425896651532,0.6643704208445521
C2,0.41123913981894133,0.4461928880400361
C2,0.4251892242266902,0.44897781679946897
C2,0.4183863435770225,0.42925884115280005
C2,0.4133315838581036,0.45977730534300293
C2,0.4260294245320395,0.448354050459716
C2,0.42191548665979545,0.43465321904989623
C2,0.4256527189708204,0.44685504280719257
C2,0.41644906480257476,0.4574625527726577
C2,0.41438172571037524,0.46974733414611164
C2,0.41818783895511286,0.46387436455100817
C2,0.42788415105254735,0.44680872956867845
C2,0.4031132498885156,0.45344883103062
C2,0.38721004983397533,0.5190055601681981
C2,0.3862186482959002,0.5147475988099329
C2,0.3745197955637952,0.5151488817323256
C2,0.39453408171439064,0.517325416167228
C2,0.3661144497315507,0.5517877249367016
C2,0.37594957777698057,0.5696265277125038
C2,0.39654355344709563,0.577130248067556
C2,0.3913652019850773,0.5534976324244864
C2,0.3993812689576297,0.6082200266095656
C2,0.39705366597715414,0.6104449651599918
C2,0.3961332192448557,0.6083829465876162
C2,0.39814454945847844,0.6127316241358619
C2,0.43876815541377434,0.6337273192401635
C2,0.4167013083710076,0.6309859821488667
C2,0.4119393734213374,0.6532364568696037
C2,0.41808546873069896,0.6410934363423698
C2,0.41665639283031997,0.511135445569452
C2,0.4043004110998233,0.4986987950056305
C2,0.40007845423125865,0.5052836322662413
C2,0.39483628526739356,0.5181668653596807
C2,0.46920704342638914,0.6547244350798935
C2,0.46534699131864743,0.6529895084320897
C2,0.4735674690113623,0.6602124001432231
C2,0.4737531748453427,0.6516323909811231
C2,0.23620844679836697,0.47136689251054115
C2,0.2486009554672355,0.4825716378071969
C2,0.2483287060878966,0.46793517310175614
C2,0.24322411220716245,0.48594872727136335
C2,0.23963763629591428,0.46417597656140064
C2,0.2471885949235969,0.4441696219920631
C2,0.2384070178605939,0.46129387623786
C2,0.24730208488274755,0.44739863841238653
C2,0.2021334175821273,0.4073839293944261
C2,0.22842383998139382,0.4017399288772624
C2,0.20921778460027618,0.4153297507518307
C2,0.2238806914790173,0.39221471563605154
C2,0.20506080397772636,0.40831712978231116
C2,0.20300168224089235,0.39128550267713946
C2,0.21655159655937956,0.4141849458428679
C2,0.20668700717969876,0.3956585869524973
C2,0.1921796414115958,0.3333043836614104
C2,0.21903844171630724,0.34050839903369623
C2,0.20640473877838264,0.36561089677043634
C2,0.20937831788616285,0.34087971476848866
C2,0.2146614093977354,0.41456354368449266
C2,0.22421503480847157,0.43100100372322564
C2,0.20791834294831926,0.42359542573102865
C2,0.2276968946768853,0.4087040092390323
C2,0.2101255352869437,0.4320847420140392
C2,0.21386966064526705,0.4484302218976375
C2,0.22995326520390966,0.442982329255035
C2,0.22973063126002724,0.4471808529712268
C2,0.2067657266646584,0.30628669062299246
C2,0.22902167143817687,0.3272333983519291
C2,0.22764885272645838,0.3305612749965947
C2,0.2131231510714803,0.332532741461888
C2,0.2296240667313598,0.3557038488211122
C2,0.2310519398624103,0.31718318786815053
C2,0.21513395798021787,0.3464293383956357
C2,0.2164948012131763,0.34197764979934964
C2,0.2585757664863758,0.43298413793254603
C2,0.2597610665681791,0.4363115627455053
C2,0.23171836641254123,0.4238988897886493
C2,0.25752652103018975,0.4287635288724489
C2,0.2547443131706159,0.25512421330915114
C2,0.25871971200312793,0.2604897797862954
C2,0.260334874737971,0.24797649020654428
C2,0.2563802676041867,0.2741809884886052
C2,0.2788228191696436,0.2577375303777363
C2,0.2850420071111613,0.24721531795219692
C2,0.27752907520695486,0.24315553353694677
C2,0.2968576959972921,0.24461510047918864
C2,0.28163955751790964,0.318241919971445
C2,0.26152991286814664,0.3205452887108467
C2,0.2695187436120618,0.29992793763465314
C2,0.2897449083024909,0.319880606458464
C2,0.35905793218050114,0.2270708862977707
C2,0.34963704627985887,0.22291360172666938
C2,0.3574396979875365,0.22736424281530854
C2,0.3538109840557622,0.22598001853102662
C2,0.3515182763239778,0.22633051533061627
C2,0.32417308208898615,0.20694456764254382
C2,0.3391818940722282,0.2324907879117765
C2,0.3542527368246351,0.2045972122915124
C2,0.28085677371692014,0.26972123848697194
C2,0.2859990629765624,0.29751680132926817
C2,0.28171641744912357,0.2986905678891554
C2,0.27832663085329346,0.30150652767243485
C2,0.40370567991770245,0.15387517257766817
C2,0.4007868589200081,0.15279448419945552
C2,0.4137905685286753,0.13757330775713145
C2,0.36914572429742554,0.15423760433139572
C2,0.4076031394476188,0.16020415298732155
C2,0.4025744749624726,0.15652516428859153
C2,0.39773336596397313,0.1650447238072936
C2,0.40899956672896753,0.15147275763235835
C2,0.46009234733065424,0.15932206876797053
C2,0.44730434870630426,0.13783354720482566
C2,0.43939539475968764,0.16269667297879511
C2,0.4533023215711004,0.15580044345918884
C2,0.4586867613356871,0.2106156436681011
C2,0.4793635970406979,0.21273056546814365
C2,0.47100282612573824,0.21520957174850497
C2,0.4792873240352954,0.20375423057484263
C2,0.6197370605216493,0.2442494480367438
C2,0.605498686837606,0.25226784682673703
C2,0.6152787314398854,0.24241996370428348
C2,0.6279142530774007,0.24835808902460343
C2,0.6448543473906406,0.2586637381629485
C2,0.6068862220781033,0.23806438340001013
C2,0.6251093395625276,0.2432158725751588
C2,0.6315871820778838,0.24909618349652674
C2,0.5071444329350584,0.1242183133715202
C2,0.5325063619576059,0.12802887150929806
C2,0.5304057859101983,0.14797499561249933
C2,0.5151199046721402,0.12328559053869677
C2,0.5139244522511143,0.1283087063103872
C2,0.5112755632462971,0.13301355917646632
C2,0.5488552661404221,0.11747699074201504
C2,0.5173692578779904,0.10986567864762814
C2,0.7505957393308283,0.25057289186570053
C2,0.7411513537073572,0.2609153128564918
C2,0.7414629278858902,0.26635054382037326
C2,0.7502019220419076,0.27429638739830275
C2,0.5892376546822803,0.1810191160267578
C2,0.5806478771740483,0.1659094117168224
C2,0.6053566218095953,0.15925039538428556
C2,0.597271764557176,0.1741321839797137
C2,0.5742776944220453,0.1480225327619578
C2,0.5873742177035619,0.1516615816719051
C2,0.5788682022086737,0.17592044862440864
C2,0.5977677992203541,0.1482236947254637
C2,0.6347065983437762,0.19187996249544637
C2,0.640303031016531,0.17908565734564538
C2,0.6409139101693282,0.18810044522489613
C2,0.6457909170532252,0.19584435051104515
C2,0.6760700802200968,0.20849192770891492
C2,0.7005848655683149,0.22999811808745627
C2,0.6867905896314077,0.2250337706457507
C2,0.6948005380171389,0.2488669152541529
C2,0.6947119176542854,0.2364150121194732
C2,0.700818972893159,0.223668937949463
C2,0.6925969163506657,0.22568385093244006
C2,0.6845914981659758,0.23400973256416066
C2,0.7332132432047396,0.2812172559382595
C2,0.7210789318288268,0.29005071837829377
C2,0.7425462831938238,0.28963834312213965
C2,0.7442907311961169,0.2762775799961859
C2,0.7697780738020144,0.3620401320760378
C2,0.7610900298595772,0.3560245860706801
C2,0.7566013705181159,0.33725253649611586
C2,0.7670265459433387,0.3367432121740591
C2,0.7669763231433638,0.39094588040420425
C2,0.7657275495442111,0.4011250293890618
C2,0.7577257106036721,0.4008671790022261
C2,0.7648908263526134,0.3775205465701255
C2,0.7629327627051465,0.44240833514851446
C2,0.7616772299408344,0.4620538646074927
C2,0.7559209294731197,0.4312945475081562
C2,0.779155074288543,0.4318737504655821
C2,0.759939839632382,0.48638690972300697
C2,0.7573939196191918,0.48816597005442186
C2,0.7626489926521899,0.4862003816370557
C2,0.7680710878857722,0.5042974575531155
C2,0.739825283200952,0.5436185382747805
C2,0.7462261488290763,0.5517007136478053
C2,0.7629924360210911,0.5731767520171379
C2,0.7706960254955852,0.5551819623551856
C2,0.7575880549953852,0.5993291279233205
C2,0.735788637737623,0.6154225448273791
C2,0.7546078947738055,0.5915623789830369
C2,0.7388006972953081,0.6018484572747943
C2,0.7701904919328469,0.5239611633415993
C2,0.7470333104405598,0.5121085049895407
C2,0.7701916571755935,0.5349138942341766
C2,0.750396496927644,0.5094418391557117
C2,0.7729910474750975,0.43383565773543975
C2,0.7888205116295817,0.45648755731027174
C2,0.7651773751399749,0.42893384765487536
C2,0.782869325678285,0.44343906611194284
C2,0.7760426470795803,0.3435832797687322
C2,0.8036790158780714,0.35996436705863527
C2,0.7974195206435581,0.3414533599454721
C2,0.8045669653800083,0.3270825323765283
C2,0.8028027932656489,0.3525303347255914
C2,0.7991665818975359,0.3489650613040313
C2,0.8104985922963382,0.35056770204766025
C2,0.8096440219576576,0.34094521167886177
C2,0.7961098405795861,0.3631749535270829
C2,0.8022589478700031,0.3657966555081254
C2,0.8109274647507256,0.37172731768403044
C2,0.8185955241136006,0.3626434792195133
C2,0.7203496219746602,0.39282654845129755
C2,0.7426049009479976,0.40495523157222774
C2,0.7396705267936646,0.38063530975144766
C2,0.7579027196505895,0.39102497368014205
C2,0.7307978643291523,0.6738941809731748
C2,0.73965507626595,0.6904438700548426
C2,0.733320488905249,0.6727867951713392
C2,0.7403093463020605,0.6830713585767795
C2,0.625171761762599,0.803285144922616
C2,0.6247072364853538,0.7982380855861642
C2,0.61684876526244,0.7829430436610542
C2,0.6126730847582867,0.7790565134712149
C2,0.6591821053667724,0.7801601754266927
C2,0.6464230326883401,0.7609427272802312
C2,0.6384433348457494,0.7922666400576459
C2,0.6340741667682229,0.7966078567506618
C2,0.6458428298133658,0.8064066526768207
C2,0.6124734243667834,0.8053947208831675
C2,0.6478320951623641,0.7996066785934034
C2,0.6448462816755983,0.8123624154217057
C2,0.5829401978058218,0.8204314690968804
C2,0.5760228918579032,0.8424934697938766
C2,0.5992286583850186,0.8457817250660368
C2,0.613016142972592,0.8280240879190266
C2,0.6334320648123454,0.7718555641017738
C2,0.6427009135397718,0.7563177224600471
C2,0.6648407752695074,0.7538151718570714
C2,0.6459995006635083,0.7601642335132127
C2,0.6870271293418843,0.6738470918330783
C2,0.7133761573995954,0.6339046595452815
C2,0.703343262620368,0.6586774265432372
C2,0.7163687537396739,0.634747596051666
C2,0.6960821702785704,0.7720114596813756
C2,0.6950232954325726,0.771062082454437
C2,0.6936343024998156,0.7806833317288423
C2,0.7002473343510808,0.7632977579129556
C2,0.5288692912193426,0.8206433049776801
C2,0.5092044023962284,0.85750029114508
C2,0.4994974068730988,0.8229500356577789
C2,0.5059718168110792,0.854805930870748
C2,0.5049282126439443,0.833519989249883
C2,0.5067010628874936,0.8607399306440532
C2,0.5244461441802715,0.8306133443752856
C2,0.514764781848522,0.8389009232973322
C2,0.4117879502413036,0.8682813030075929
C2,0.4230653416161704,0.8678437786246956
C2,0.4142560825301586,0.8522065667180239
C2,0.4048730598556618,0.874055053205111
C2,0.35043527821067605,0.8274720140392878
C2,0.35416175044455367,0.8317864142334899
C2,0.34473130420108195,0.8258577491644935
C2,0.34192220009976604,0.8176998230443986
C2,0.2892490075470431,0.7424986981368831
C2,0.3037824369110473,0.7338567952280559
C2,0.3042293665169884,0.737035650441075
C2,0.2894039668682044,0.7344611564506881
C2,0.2728582724890262,0.6517106280524199
C2,0.2653111017491112,0.6645640045995764
C2,0.2650088098928029,0.6613015505629473
C2,0.2554453860796163,0.6592019694160323
C2,0.2998229386297793,0.7105722127279863
C2,0.3000808303900726,0.6990602748498287
C2,0.3145639159898171,0.6906370127474422
C2,0.30716687417683997,0.6882757142152441
C2,0.2850707432673198,0.7149848732508342
C2,0.26963628222160874,0.6998240928108472
C2,0.2558207230672725,0.6993890226303129
C2,0.2783660403717885,0.6979064276803885
C2,0.1998966298446564,0.49721636914559314
C2,0.21932703004150444,0.5273938815021284
C2,0.19521842454814284,0.5355774988619724
C2,0.20764826181430912,0.5026466441047299
C2,0.254272851179837,0.6120207067539511
C2,0.2589257353722628,0.6137570653506481
C2,0.2612751954310126,0.6271108279443106
C2,0.2360770085183594,0.6194472110080156
C2,0.23758179183489955,0.5029985282870052
C2,0.2320898898786234,0.5189478922847058
C2,0.24651428414311677,0.5220742992747824
C2,0.2404257881528721,0.5297683049074569
C2,0.24932333353303565,0.5098913250089008
C2,0.2245791456428696,0.5249765266999408
C2,0.25802303889344486,0.5444844996567064
C2,0.2471113858389945,0.551541717016627
C2,0.35650972149672144,0.810982981694847
C2,0.3774406441580608,0.8050031739636831
C2,0.3613106761080201,0.8162541408612891
C2,0.3305191118345766,0.8126242259586847
C2,0.45210461365908183,0.8759174377336372
C2,0.4354124062156517,0.8779319071796009
C2,0.4174503674713475,0.8857521809082279
C2,0.4427974319685704,0.8918576088105976
C2,0.4419810666972434,0.8674290445706784
C2,0.44186100738632006,0.855497574523483
C2,0.4618472239689529,0.8841630224311756
C2,0.42021292975668106,0.8650502236481684
C2,0.49080083335948205,0.8192772582720209
C2,0.5122855411730091,0.8400335153828149
C2,0.5107299284163591,0.8344225642414874
C2,0.4987468276035124,0.8160675265424461
C2,0.5085640894615261,0.8283838212966483
C2,0.5171261924203657,0.8373209839575976
C2,0.49974631849909057,0.8351914474981746
C2,0.5092661354086913,0.8304219017924159
C2,0.34227882296955153,0.728631776717843
C2,0.3440057546509376,0.7570393717301208
C2,0.33959425792187564,0.7552664396561252
C2,0.34815610835648253,0.7431017028817873
C2,0.1749112331564366,0.8146410369349085
C2,0.15275302804886726,0.8076383848164878
C2,0.17216337160466458,0.8271615142739459
C2,0.16588345633599783,0.8205115582967522
C2,0.16471118349755226,0.8081878044508007
C2,0.17745801702660252,0.8254103335615609
C2,0.1699809076739339,0.81946578197493
C2,0.1906366463883945,0.7998224984301986
C2,0.133261257130868,0.810403563859544
C2,0.11133280090309677,0.8116714897417321
C2,0.1165482611180259,0.799414550619757
C2,0.11202957559792373,0.7848443887486241
C2,0.14160676186997637,0.8925781556947615
C2,0.183318863826319,0.872921376595723
C2,0.16321636536220777,0.8763941983218819
C2,0.17783037252029218,0.8799558893271668
C2,0.07065420270543839,0.7141604071191506
C2,0.10400242014766375,0.7173689021622235
C2,0.08660114887006765,0.713827238843841
C2,0.08249306012973462,0.708494980943446
C2,0.04639511474286051,0.5970532562101234
C2,0.019016388151401907,0.5819867696643528
C2,0.03558549050119722,0.6037173868268192
C2,0.016715091313575847,0.6016187589240707
C2,0.035828894100864615,0.45938196913693047
C2,0.03675771217274709,0.45255704360291205
C2,0.026064763730064923,0.46290349104180745
C2,0.030872828145944595,0.44727300735967673
C2,0.02735522499828464,0.447368135512682
C2,0.03267118207234475,0.4475801242067353
C2,0.022934489510019994,0.456445540913132
C2,0.04204908152574059,0.4583663484943569
C2,0.09649089682104675,0.6455479824844416
C2,0.06683232002551279,0.6443423500322228
C2,0.08570965750642466,0.6576177748951582
C2,0.06691494242998061,0.6586067352596464
C2,0.11571080005828024,0.7326116863153616
C2,0.11290286549360287,0.714743733022522
C2,0.0990031094107352,0.7368562611131676
C2,0.11154677022960084,0.7217760773848393
C2,0.06413631459570195,0.5911528144445345
C2,0.058585885030260305,0.5880546015660255
C2,0.0639406032129033,0.5931417285346539
C2,0.05905299476929556,0.5886802036661948
C2,0.03981143371796106,0.5936526340720016
C2,0.04837703626812059,0.5895445297642535
C2,0.05974174458063872,0.6091461490447053
C2,0.06237430056492044,0.587320775986951
C2,0.05134098108197553,0.36269809489938787
C2,0.06034453557279059,0.33953844386143506
C2,0.07130714276858341,0.34596035413128384
C2,0.05939817508146689,0.3359009732546026
C2,0.15178723270375827,0.1215389988266898
C2,0.1708673708651379,0.12004357995908337
C2,0.15492149257326723,0.13507928134421077
C2,0.1663586318909993,0.12200199014218507
C2,0.1639629578831804,0.12894557010735236
C2,0.16691907521887608,0.13023025427796697
C2,0.1438230546638364,0.1638624348729722
C2,0.165994831134362,0.11450398851850259
C2,0.19028916832741674,0.05116956182811348
C2,0.17382833668405204,0.08993194160058395
C2,0.1908635199250647,0.06995490349307745
C2,0.18025790001229275,0.06782504423639818
C2,0.19303090998695888,0.0581496458663754
C2,0.1859875104947528,0.06085139251832166
C2,0.20021261637890034,0.07336638218044882
C2,0.19190406146438416,0.0661295315125487
C2,0.007093716754869689,0.4367872273455495
C2,0.02502648477338589,0.431566586550448
C2,0.024230530116146946,0.43001094643402604
C2,0.01778498180066969,0.41913820712666383
C2,0.03578431815767991,0.41207830971728665
C2,0.020146085712042603,0.4231841686002042
C2,0.00994145153001682,0.4317153420222412
C2,0.022410327866059284,0.42313668620089784
C2,0.035601601853940214,0.3288836381846175
C2,0.029962161319456674,0.338003954493547
C2,0.0199315959009633,0.33473353940730544
C2,0.0342149821565563,0.3292668524609276
C2,0.17824401995851702,0.12095782266341983
C2,0.16014663042361024,0.13002573950429308
C2,0.16561554805329964,0.12077185098920883
C2,0.16560145925026815,0.14086130355047682
C2,0.07093203563039772,0.2303427125960625
C2,0.09449721951470234,0.23059479665564536
C2,0.06943095180019418,0.22459598067532127
C2,0.08856682693794604,0.21877523980493305
C2,0.09629951569816367,0.21946139332569448
C2,0.10112103150066734,0.2193843004511769
C2,0.09366534231978058,0.20593247054970865
C2,0.08442864470570154,0.2334573949530437
C2,0.09888277256253517,0.1570070279897008
C2,0.0951996877000553,0.16947389471343996
C2,0.11270977950692898,0.1874838584757271
C2,0.0971013026448502,0.17454284798078398
C2,0.09423350805866351,0.19409505836092003
C2,0.0906501407280878,0.17225766347407206
C2,0.1086706066808432,0.19283174763757302
C2,0.1149208637195232,0.17298149194844556
C2,0.07659897135369287,0.18287429603882707
C2,0.09194511771072242,0.19688375009813597
C2,0.08761460751164374,0.19443444213865466
C2,0.08858339868234702,0.1970037535703139
C2,0.15115535589852047,0.09003696917808166
C2,0.16281856315428697,0.08905334118619919
C2,0.16936183086530043,0.10079714998015174
C2,0.15054678161135013,0.08480766506438195
C2,0.19960857740179203,0.03025808552514419
C2,0.19735443634058591,0.0464892001603039
C2,0.19826542730299654,0.034833569882222866
C2,0.1850673707990979,0.05575679851557436
C2,0.7546768639599316,0.03633097286439978
C2,0.7588294575689689,0.03851633514957508
C2,0.7709014765019623,0.037748416115001376
C2,0.7655780603608869,0.056361465501275174
C2,0.7650222995330039,0.04000535483497629
C2,0.7588180438598182,0.0508412702770505
C2,0.7678474704279286,0.035742940033213134
C2,0.7807108799123116,0.038855903599897296
C2,0.8720992602916012,0.1864903709363543
C2,0.8834740357018446,0.19618506471466132
C2,0.8585952483951874,0.1879028649820546
C2,0.8778643418959194,0.20620561951911862
C2,0.8706571254030381,0.13348177809886436
C2,0.8502722025942199,0.16152288634868836
C2,0.8795743528935611,0.15892992416513105
C2,0.8659695007218244,0.1459317810466455
C2,0.7627137474904271,0.054146871278785286
C2,0.7636325369423957,0.040282605538514496
C2,0.7565947641543354,0.05172718216973361
C2,0.7710521561510121,0.0357837966466176
C2,0.8510544336957935,0.17539515933804617
C2,0.8444210647402342,0.13867410139702194
C2,0.8694049782874614,0.17723430683599362
C2,0.8570050741226407,0.17143043078543832
C2,0.8729189454457069,0.18098477795484902
C2,0.8691530403020462,0.18429491069116924
C2,0.8691180967761344,0.2041016447067847
C2,0.8701062703508177,0.18908402257980073
C2,0.8403828895472734,0.13842897606119256
C2,0.8467357655795,0.13859826761197688
C2,0.8653744028148707,0.15852565768453103
C2,0.8343773196625207,0.1595380949751
C2,0.6640652097406345,0.026983869708750913
C2,0.7148083751846375,0.022401510658051262
C2,0.6796762587187031,0.03090115061255641
C2,0.684588151221893,0.04285155283588379
C2,0.6908028825984072,0.02103978603793506
C2,0.6941887063863115,0.04762728007516341
C2,0.6850346554004093,0.04474295418131377
C2,0.6905803722629069,0.03896157708844735
C2,0.7098460597804426,0.05102320730084654
C2,0.6889849410517244,0.04650868721292669
C2,0.6923738001058809,0.030242264940497712
C2,0.6830695933321694,0.030427834658422394
C2,0.704453379185587,0.035272125536717346
C2,0.7026079227149606,0.05006846656367732
C2,0.7146127052883454,0.05381371594146002
C2,0.7092448548385348,0.03267538108812803
C2,0.8700217756738398,0.23570686968577045
C2,0.8773321196411972,0.22417014075709096
C2,0.8626373443618475,0.2491345652344243
C2,0.8597134285345734,0.2220003307604958
C2,0.9443292855356863,0.36352715842558214
C2,0.9383371941424186,0.36841637355645085
C2,0.9465023851404506,0.34651868641741423
C2,0.9568803992945585,0.37283714830383613
C2,0.9300716928396218,0.5214049481195389
C2,0.9055925256129033,0.5269178901721225
C2,0.921979832105718,0.5318774001613631
C2,0.9266676962988565,0.526144308785182
C2,0.8909848241720102,0.7032080374942005
C2,0.906798313901162,0.686701486407532
C2,0.8741920420141829,0.6740807366466581
C2,0.893679752009545,0.686359585651351
C2,0.8898133620086282,0.5884415614706565
C2,0.9007786625433832,0.5773247605803873
C2,0.8965411541262842,0.5832954395674483
C2,0.887606162177656,0.5733181445069468
C2,0.8736864272384225,0.6755605884889203
C2,0.8978586950905423,0.6954434131877502
C2,0.8984342850990548,0.668160852486945
C2,0.8835610684564692,0.6958555688402511
C2,0.8832946747566176,0.7851214600793742
C2,0.8589630381530657,0.7821844378800503
C2,0.8580110055496177,0.7959009319896957
C2,0.871905402701633,0.8046320334191331
C2,0.9130531932235545,0.730147407337033
C2,0.9185554237216332,0.7256165319870217
C2,0.89633271724156,0.7115073917056053
C2,0.9010042842584959,0.7020417796258074
C2,0.8657489591132311,0.8653821556951535
C2,0.8799009062368439,0.8503463627463906
C2,0.8874543276699325,0.8582618391025769
C2,0.8757307416923394,0.8257754966305301
C2,0.8641736165778356,0.8866864675888643
C2,0.8519801416380127,0.8909748083061341
C2,0.8431153416577741,0.875431144224397
C2,0.845232398461861,0.869093640722432
C2,0.906008452481386,0.8314903757494866
C2,0.8969643740746687,0.8450154766038693
C2,0.9055262703518264,0.827420060484036
C2,0.8907419368310313,0.816635169890163
C2,0.7805793592094744,0.9388270016857648
C2,0.7930479464574843,0.9442726358234881
C2,0.7756419602117437,0.9651401014061469
C2,0.7849242274176539,0.9417661489516438
C2,0.7383655721541232,0.9480874358606257
C2,0.7436775682943333,0.9490500261690861
C2,0.7451463418351817,0.9607198978372594
C2,0.7530755859616579,0.9478429518324603
C2,0.7540058591771038,0.9353428027201514
C2,0.7476416058560976,0.938137114854837
C2,0.7588535548406443,0.9426044929996984
C2,0.7484264694739907,0.9288698123149346
C2,0.6012838246873697,0.9872642503691552
C2,0.6036249983225052,0.9858029372643557
C2,0.6364556502607893,0.9831010906634055
C2,0.6184355400816258,0.9785052641189537
C2,0.6113074495196125,0.9862540142119579
C2,0.6086964521090626,0.9874036628811231
C2,0.6615302667961519,0.9823719528000359
C2,0.6551415340187597,0.9985323372604921
C2,0.6635536766459783,0.9805696612202084
C2,0.43436739800610974,0.9787252330813273
C2,0.44953705382418,0.9889828284252228
C2,0.4606804034865049,0.9860658902204965
C2,0.44336621219188094,0.9997158172606816
C2,0.43645727935945466,0.9784262481037487
C2,0.4530211007609754,0.9906644236785529
C2,0.44761106561903646,0.9947419633730029
C2,0.45475169986305825,0.9967433869164473
C2,0.36897697075503216,0.9702470995142507
C2,0.3833652408073267,0.9950598491855919
C2,0.3185638628043833,0.9601710361854191
C2,0.29575140268111144,0.9835952261979762
C2,0.3042363897817382,0.978356754413406
C2,0.32403704475631134,0.9407410480550827
C2,0.2604488187706854,0.9530598413929039
C2,0.26416612151474095,0.9500654964304533
C2,0.2816410799906073,0.9508089021580718
C2,0.250363989341506,0.9559677337108751
C2,0.26094449473885706,0.033940956356854846
C2,0.2639957520672479,0.03076179934585439
C2,0.25596262588613633,0.020370490133897304
C2,0.2780728291086593,0.05673422291325192
C2,0.26040628038343305,0.05225477462171246
C2,0.25900290003066456,0.05043804667426836
C2,0.28497313358338267,0.030284768611407338
C2,0.2615827676201857,0.03170429139896925
C2,0.17228066804438483,0.12010031893512203
C2,0.1777452470154225,0.1176989705710793
C2,0.17774614149231058,0.10657875578254004
C2,0.15281610414740865,0.1267988678691886
C2,0.13491613697981927,0.1268933752262511
C2,0.16206716363561222,0.13720967044928128
C2,0.14793161869946378,0.11118776263505253
C2,0.14338503903985306,0.143206778713621
