"","x","y","clase","x_square","y_square","radius","distance_to_mean","product","x_ln","y_ln","prediccion_original_gml","prediccion_completo_gml","prediccion_original_knn","prediccion_completo_knn","prediccion_original_tree","prediccion_completo_tree"
"3",0.459813158345842,0.532306168353972,"C1",0.211428140587978,0.283349856867687,0.703404575941659,0.043550017916724,0.244761380477813,-0.776935049520464,-0.630536450754895,"C2","C2","C1","C1","C2","C1"
"4",0.493824004987098,0.539981399497791,"C1",0.243862147901497,0.291579911803593,0.731739065312964,0.0371997696037501,0.266655777318537,-0.705576090480045,-0.616220585391534,"C2","C2","C1","C1","C2","C1"
"11",0.474782750132999,0.549551042486572,"C1",0.225418659823853,0.302006348298078,0.726240323943756,0.049746580203627,0.260917355290231,-0.744897947713262,-0.59865362048682,"C2","C2","C1","C1","C2","C1"
"17",0.474859366408101,0.543380593269751,"C1",0.225491417865503,0.295262469142187,0.72163279235889,0.0439731499338778,0.258029364238532,-0.744736589504872,-0.609945296154039,"C2","C2","C1","C1","C2","C1"
"19",0.466063843374033,0.544414120967705,"C1",0.217215506100575,0.296386735109038,0.716660478336578,0.0489407175908279,0.253731737605304,-0.76343265129197,-0.608045069952496,"C2","C2","C1","C1","C2","C1"
"20",0.482036839379131,0.545161978210685,"C1",0.232359514518622,0.297201582486587,0.727709486680783,0.0434573398022667,0.262788156926353,-0.72973473760502,-0.606672320750333,"C2","C2","C1","C1","C2","C1"
"23",0.475116462885445,0.544024781195366,"C1",0.225735653304777,0.295962962554666,0.722287073025291,0.0444703367184973,0.258475129763571,-0.744195319978441,-0.608760479495779,"C2","C2","C1","C1","C2","C1"
"30",0.473912339544962,0.522852696190738,"C1",0.22459290557298,0.273374941913924,0.705668369339949,0.0268967091589155,0.247786344489144,-0.746732912058996,-0.648455506231436,"C2","C2","C1","C1","C2","C1"
"34",0.471598937964285,0.539481876739948,"C1",0.222405558289042,0.291040695330856,0.716551640581402,0.0418837881564928,0.254419080121539,-0.751626362305585,-0.617146087545233,"C2","C2","C1","C1","C2","C1"
"37",0.471590308628951,0.528496239575606,"C1",0.22239741919275,0.279308275245556,0.708311862415353,0.0327117412925394,0.2492337047307,-0.751644660511094,-0.637719588975103,"C2","C2","C1","C1","C2","C1"
"40",0.46022338669969,0.516227350903209,"C1",0.211805565665333,0.266490677820545,0.691589649637614,0.0343685989485196,0.237579899739684,-0.776043284115615,-0.661208008011765,"C2","C2","C1","C1","C2","C1"
"45",0.459438591517098,0.536979745914661,"C1",0.211083819375215,0.288347247522574,0.706704370226893,0.0470966814026323,0.246709218136241,-0.777749988082245,-0.621794902289494,"C2","C2","C1","C1","C2","C1"
"46",0.466390206904502,0.559115558199777,"C1",0.217519825096424,0.312610207421048,0.728100290150658,0.0617834692223533,0.26076602087232,-0.762732641369339,-0.581399104114785,"C2","C2","C1","C1","C2","C2"
"48",0.47891581938444,0.513229415875473,"C1",0.22936036205667,0.26340443331988,0.701972075923643,0.0166136950165762,0.2457936862362,-0.736230439428172,-0.667032329341848,"C2","C2","C1","C1","C2","C1"
"51",0.477057396187702,0.525810565191682,"C1",0.22758375925739,0.276476750467196,0.709972189402223,0.0273408630735332,0.250841819118327,-0.740118467895031,-0.642814273332349,"C2","C2","C1","C1","C2","C1"
"58",0.412445527453419,0.731640703000784,"C1",0.170111313116329,0.535298118287482,0.839886558651709,0.242202435792299,0.301761935655549,-0.885651136585764,-0.312465728418736,"C2","C2","C1","C1","C2","C1"
"60",0.417693898160176,0.748991493396812,"C1",0.174468192560244,0.560988257180786,0.857587575551926,0.257093112720434,0.312849176565726,-0.87300641577298,-0.289027652810037,"C2","C2","C1","C1","C2","C2"
"62",0.419971037402567,0.715991208600007,"C1",0.176375672256989,0.512643410792499,0.830071733676968,0.224959145671063,0.300695570646863,-0.86756952864779,-0.334087390588483,"C2","C2","C1","C1","C2","C1"
"64",0.413066014862929,0.723434686766544,"C1",0.170623532634742,0.523357746017008,0.833055387505386,0.234256207870307,0.298826283076268,-0.884147856511399,-0.323745010977878,"C2","C2","C1","C1","C2","C1"
"65",0.422678001692105,0.718126161078837,"C1",0.178656693114431,0.515705183225828,0.833283790998156,0.226140199161128,0.303536130727626,-0.861144615129139,-0.331110013560459,"C2","C2","C1","C1","C2","C1"
"67",0.40230764233748,0.718338066484934,"C1",0.161851439083141,0.516009577761314,0.823323154565967,0.233376819718781,0.288992893928818,-0.910538203593654,-0.330814976059952,"C2","C2","C1","C1","C2","C1"
"70",0.395544433839684,0.706659693639713,"C1",0.156455399141556,0.499367922614973,0.809829192951531,0.225443739415174,0.279515308438045,-0.927492149564991,-0.347206067523845,"C2","C2","C1","C1","C2","C1"
"73",0.37479547805612,0.683774640317394,"C1",0.140471650371316,0.467547758741181,0.779755993316176,0.215516670642026,0.256275643200409,-0.981374793642306,-0.380126888867997,"C2","C2","C1","C1","C2","C1"
"80",0.367836146697886,0.676956494062368,"C1",0.135303430817549,0.458270094853212,0.770437230195142,0.213786248395136,0.249009068258012,-1.00011769350635,-0.39014827096735,"C2","C2","C1","C1","C2","C1"
"81",0.362621900250533,0.673841690514658,"C1",0.131494642541308,0.454062623875652,0.76521713677685,0.214360116911787,0.244349754282457,-1.0143945846625,-0.394760076200635,"C2","C2","C1","C1","C2","C1"
"84",0.354895299556403,0.623905477596316,"C1",0.125950673647229,0.389258044974687,0.717780411143907,0.182816500261363,0.221421121366425,-1.0359324638344,-0.471756400297725,"C2","C2","C1","C1","C2","C1"
"88",0.336857658381751,0.587712955121885,"C1",0.113473082010436,0.345406517618099,0.677406524642725,0.176733789798064,0.197975609862977,-1.08809481654595,-0.53151662183946,"C2","C2","C1","C1","C2","C1"
"89",0.338833148650456,0.586025691492494,"C1",0.114807902624382,0.343426111089255,0.67692984401165,0.174191513213953,0.198564930238462,-1.08224747963722,-0.534391648228802,"C2","C2","C1","C1","C2","C1"
"97",0.325678828476608,0.547968844406409,"C1",0.106066699317896,0.300269854440096,0.637445333936951,0.172215643835675,0.17846185128796,-1.12184357195488,-0.601536846923306,"C2","C2","C1","C1","C2","C1"
"101",0.323426085669405,0.524125418780242,"C1",0.104604432891433,0.274707454611564,0.61588301446216,0.169788708227107,0.169515832595931,-1.12878467439505,-0.646024274483198,"C2","C2","C1","C1","C2","C1"
"103",0.315359770343333,0.474487223026702,"C1",0.0994517847509997,0.225138124815592,0.569727925914283,0.178776051555198,0.149634181684547,-1.15404116381451,-0.745520588530311,"C2","C2","C1","C1","C2","C1"
"105",0.319273544040517,0.466297640569699,"C1",0.101935595924192,0.217433489600868,0.565127494929294,0.176425233900699,0.148876500282419,-1.14170703881531,-0.762931135078372,"C2","C2","C1","C1","C2","C1"
"111",0.314936197903011,0.4057839003977,"C1",0.0991848087496044,0.164660573821971,0.513658819228849,0.201805848296038,0.127796038761506,-1.15538520701143,-0.901934526114015,"C2","C2","C1","C1","C2","C1"
"114",0.318118316432299,0.410601952908399,"C1",0.10119926324972,0.168593963732191,0.519416236733038,0.196717285533982,0.130620001983034,-1.14533190114819,-0.890131018177736,"C2","C2","C1","C1","C2","C1"
"126",0.377208388432195,0.328132056995191,"C1",0.142286168303614,0.107670646827895,0.499956813266415,0.208970388736093,0.123774164412097,-0.974957489784546,-1.11433913883456,"C2","C2","C1","C1","C2","C1"
"128",0.438142978890411,0.30615297029818,"C1",0.191969269950963,0.0937296412223982,0.534508102065218,0.203887226202206,0.134138774402592,-0.825209986051415,-1.18367039900437,"C2","C2","C1","C1","C2","C1"
"133",0.445103816976172,0.303461789769977,"C1",0.198117407886757,0.0920890578503974,0.538708145230007,0.204783464106844,0.135072000933037,-0.809447727449645,-1.1924995750247,"C2","C2","C1","C1","C2","C1"
"135",0.484381646250057,0.271184265363645,"C1",0.234625579223916,0.0735409057808199,0.555127449334597,0.231769634774575,0.131356680893955,-0.724882157678221,-1.30495674316967,"C2","C2","C1","C1","C2","C1"
"140",0.498286087574924,0.294613302735497,"C1",0.248289025070725,0.0867969981487179,0.578866153112654,0.208318146371548,0.146801709967598,-0.696580893861938,-1.22209162072699,"C2","C2","C1","C1","C2","C1"
"142",0.498265618682865,0.260270877832215,"C1",0.248268626761418,0.0677409298475517,0.562147273060156,0.242646063163225,0.129684029968201,-0.69662197330003,-1.34603235248676,"C2","C2","C1","C1","C2","C1"
"144",0.528111107414125,0.278943968552342,"C1",0.278901341774174,0.0778097375917298,0.597252944208652,0.226802312386595,0.147313408138668,-0.638448586704741,-1.27674434689123,"C2","C2","C1","C1","C2","C1"
"151",0.59623496849573,0.281130117095809,"C1",0.355496137657104,0.0790341427383033,0.659189108219642,0.24503712344961,0.167619606509821,-0.51712044716742,-1.26893766666001,"C2","C2","C1","C1","C2","C1"
"152",0.597053650694727,0.295575795134423,"C1",0.356473061807901,0.0873650506693466,0.66621176248791,0.232417998857681,0.176474607542004,-0.515748302467,-1.21882997710912,"C2","C2","C1","C1","C2","C1"
"159",0.631749451362116,0.283300844343145,"C1",0.399107369296335,0.0802593684055387,0.692363154494716,0.260306156601661,0.178975152984206,-0.459262401155657,-1.26124589176485,"C2","C2","C1","C1","C2","C2"
"164",0.639866691957204,0.314134555250549,"C1",0.409429383476255,0.09868051880246,0.712818281386438,0.239809788776223,0.201004238697616,-0.446495418141458,-1.15793386495611,"C2","C2","C1","C1","C2","C1"
"171",0.680340175143455,0.380299949969918,"C1",0.462862753914228,0.144628051947122,0.779416965340985,0.224796895231648,0.258733334569582,-0.385162348335179,-0.966794995602183,"C2","C2","C1","C1","C2","C1"
"173",0.666708053109045,0.379289784320734,"C1",0.444499628080453,0.143860740490069,0.767046523080915,0.214078674128605,0.252875553668626,-0.40540303037146,-0.969454763629858,"C2","C2","C1","C1","C2","C1"
"175",0.686510869979796,0.399483901275405,"C1",0.471297174600417,0.159587387378217,0.794282419532646,0.22037320316268,0.274250040607501,-0.37613321998862,-0.917581811770728,"C2","C2","C1","C1","C2","C1"
"183",0.677001203711555,0.476800269604227,"C1",0.458330629826895,0.227338497094663,0.828051403550262,0.186948204320466,0.322794356452056,-0.390082228063237,-0.740657597786051,"C2","C2","C1","C1","C2","C1"
"184",0.661749911977406,0.444961758651197,"C1",0.437912946002104,0.197990966661966,0.797435836079663,0.179462387430639,0.294453404620741,-0.412867570889812,-0.80976693612386,"C2","C2","C1","C1","C2","C1"
"185",0.669553350098822,0.483625982347628,"C1",0.448301688628556,0.233894090801708,0.82595143890562,0.178714063474914,0.323813396675688,-0.401144430545019,-0.72644343474589,"C2","C2","C1","C1","C2","C1"
"189",0.70291075974954,0.513353305779326,"C1",0.494083536171675,0.263531616554562,0.870410910275277,0.211298451343319,0.360841562185283,-0.352525337264089,-0.666790965637121,"C2","C2","C1","C1","C2","C1"
"190",0.685282029768475,0.524519264296098,"C1",0.469611460323601,0.27512045861772,0.862978515921063,0.194619689808115,0.359443626089497,-0.377924803164532,-0.645273122943062,"C2","C2","C1","C1","C2","C1"
"191",0.667155012427304,0.535946006517885,"C1",0.445095810606876,0.287238121902469,0.85576511526782,0.178381017852551,0.357559064638804,-0.404732857628041,-0.623721857093779,"C2","C2","C1","C1","C2","C1"
"192",0.674795445273078,0.533237389406609,"C1",0.455348892961292,0.284342113461176,0.860052909083196,0.185430736152943,0.359826161620887,-0.393345678076616,-0.628788570468003,"C2","C2","C1","C1","C2","C1"
"194",0.681294063096932,0.55347508961294,"C1",0.464161600411126,0.306334674822052,0.877779172248453,0.196072594752067,0.377079292625339,-0.383761255321017,-0.591538533062217,"C2","C2","C1","C1","C2","C1"
"195",0.647330876072413,0.556556789431681,"C1",0.419037263116677,0.309755459862501,0.853693576747054,0.164477944018261,0.360276394086859,-0.434897714780827,-0.585986065976747,"C2","C2","C1","C1","C2","C1"
"203",0.629076090169093,0.626358165220848,"C1",0.395736727222433,0.392324551138828,0.887728155665494,0.184615374037344,0.394026945622618,-0.463503059535834,-0.467832922581731,"C2","C2","C1","C1","C2","C1"
"205",0.66765995446681,0.624493779256069,"C1",0.445769814798623,0.389992480329528,0.914200358306728,0.213780198084003,0.416949488222913,-0.403976285254918,-0.470813910625335,"C2","C2","C1","C1","C2","C1"
"208",0.617862429279782,0.655454583666745,"C1",0.381753981515513,0.429620711249747,0.900763394441215,0.197905056181695,0.404980761346903,-0.481489452648311,-0.422426263202735,"C2","C2","C1","C1","C2","C1"
"209",0.607565430820169,0.644308691853199,"C1",0.369135752727698,0.415133690397581,0.885589884272217,0.182756285953451,0.391459687946969,-0.49829540451343,-0.439577332546416,"C2","C2","C1","C1","C2","C1"
"215",0.562768446701101,0.710189993338963,"C1",0.31670832460237,0.504369826638796,0.906133627695809,0.219141491184942,0.399672519414034,-0.574887020165939,-0.342222748492207,"C2","C2","C1","C1","C2","C1"
"218",0.541987481278838,0.722216470198049,"C1",0.293750429862978,0.52159662982533,0.902965702387587,0.22503452535548,0.391432285620733,-0.612512375080754,-0.325430364807506,"C2","C2","C1","C1","C2","C1"
"221",0.521967278437009,0.73621427479857,"C1",0.272449839758938,0.542011458417185,0.902475095598833,0.235313655625546,0.384279761363086,-0.650150378050858,-0.306234068387421,"C2","C2","C1","C1","C2","C1"
"222",0.541559077885777,0.737778622413024,"C1",0.293286234840493,0.54431729568966,0.915206823909302,0.240141895596253,0.399550710437836,-0.613303118056697,-0.304111469011602,"C2","C2","C1","C1","C2","C1"
"223",0.53685320713184,0.745319702096317,"C1",0.288211366007743,0.555501458332943,0.918538417454973,0.24662322399139,0.400127272408956,-0.622030579138575,-0.293942022322037,"C2","C2","C1","C1","C2","C1"
"229",0.47736162044321,0.737142104805274,"C1",0.227874116672168,0.543378482676749,0.87820988342703,0.234758368985126,0.351883349646764,-0.739480961180452,-0.304974590175363,"C2","C2","C1","C1","C2","C1"
"230",0.495019981294944,0.754813714742372,"C1",0.245044781881247,0.569743743963179,0.902656371962457,0.252000593462524,0.373647870952936,-0.70315715097573,-0.281284295617876,"C2","C2","C1","C1","C2","C1"
"235",0.451029653763277,0.762001106573792,"C1",0.203427748573821,0.580645686419684,0.885479212061754,0.262367159450284,0.343685095265211,-0.796222190502884,-0.271807271099968,"C2","C2","C1","C1","C2","C2"
"242",0.440249992056204,0.753253069554938,"C1",0.193820055505488,0.567390186793937,0.872473634157173,0.255686158416012,0.331619657887873,-0.820412549649651,-0.283354025898797,"C2","C2","C1","C1","C2","C2"
"244",0.415247032340158,0.75868787172082,"C1",0.172430097867308,0.575607286696268,0.864891544971724,0.267083491447703,0.315042887204541,-0.878881677196612,-0.276164822371757,"C2","C2","C1","C1","C2","C2"
"249",0.409926805561939,0.734227093924847,"C1",0.168039985918216,0.539089425453327,0.84090987113456,0.245476567647547,0.300979367169638,-0.891776658240576,-0.308936905951355,"C2","C2","C1","C1","C2","C1"
"250",0.407627095269188,0.764181833712042,"C1",0.166159848797595,0.5839738749755,0.866102605799737,0.274592327235582,0.311501221133521,-0.897402504697732,-0.268949515892764,"C2","C2","C1","C1","C2","C2"
"258",0.372572276546879,0.9243135804748,"C1",0.138810101251324,0.854355595050145,0.996576989650809,0.438040042152784,0.344373614920693,-0.987324228985771,-0.0787038921061533,"C2","C1","C1","C1","C1","C2"
"263",0.333773627435648,0.915816748520798,"C1",0.111404834371551,0.838720316871206,0.9747436335995,0.442212197098553,0.305675478220107,-1.09729227795877,-0.0879389905219204,"C2","C1","C1","C1","C1","C2"
"264",0.358347853209241,0.928861813035193,"C1",0.128413183899671,0.862784267715026,0.995588997335094,0.446463987407275,0.332855636629205,-1.02625110732549,-0.0737952993107624,"C2","C1","C1","C1","C1","C2"
"266",0.362637266299004,0.911010960259878,"C1",0.131505786908815,0.829940969713625,0.980533914060314,0.428149131955981,0.330366524197073,-1.01435221071073,-0.0932003507738287,"C2","C1","C1","C1","C1","C2"
"268",0.338320997240373,0.911166426271821,"C1",0.114461097173721,0.830224256364961,0.971949254610899,0.436251107555313,0.308266733988229,-1.08376013819759,-0.0930297131471419,"C2","C1","C1","C1","C1","C2"
"273",0.301636855118139,0.888180809941958,"C1",0.0909847923655609,0.788865151149152,0.938003168179465,0.429748111919468,0.267908066287173,-1.19853145164642,-0.118579941917145,"C2","C1","C1","C1","C2","C2"
"276",0.281598537130042,0.847906647397743,"C1",0.0792977361137795,0.71894568270128,0.893444692644743,0.404093951518868,0.238769271530043,-1.26727284956245,-0.164984734865969,"C2","C1","C1","C1","C2","C2"
"278",0.268867006292192,0.833798217059143,"C1",0.0722894670725257,0.695219466771006,0.876075872195743,0.399086990690661,0.224180830472459,-1.31353842203725,-0.181763851869289,"C2","C1","C1","C1","C2","C2"
"295",0.145092719544625,0.561995994107546,"C1",0.0210518972648552,0.315839497392928,0.580423461498399,0.351792281043496,0.0815415271582488,-1.93038229578415,-0.576260557036366,"C2","C2","C1","C1","C2","C2"
"298",0.137225897276497,0.541603290488921,"C1",0.0188309468833396,0.293334124268426,0.558717344595427,0.356761406005673,0.0743219975052452,-1.98612682584286,-0.613221481905998,"C2","C2","C1","C1","C2","C2"
"300",0.134770792475229,0.500793600233351,"C1",0.0181631665044013,0.250794230034681,0.518611026241327,0.357109409612845,0.0674923503699717,-2.00417977701335,-0.691561238364662,"C2","C2","C1","C1","C2","C2"
"302",0.108937739129778,0.468220354889369,"C1",0.0118674310067076,0.219230300732727,0.480726254472787,0.384497710261577,0.0510068668761902,-2.21697876059447,-0.758816250095938,"C2","C2","C1","C1","C2","C2"
"303",0.113478019027177,0.41376353624736,"C1",0.0128772608023323,0.171200263927921,0.4290425675038,0.388737870178759,0.04695306643903,-2.17614612577495,-0.882460636820317,"C2","C2","C1","C1","C2","C2"
"305",0.136214224576032,0.41088621222201,"C1",0.0185543149768496,0.168827479394151,0.43287618826981,0.367353117399355,0.0559685467868039,-1.99352645183586,-0.889438958725092,"C2","C2","C1","C1","C2","C2"
"307",0.121058503887392,0.33764274324362,"C1",0.0146551613634537,0.114002622065077,0.358688978682829,0.405945998719252,0.0408745253455075,-2.11148134703382,-1.08576691514065,"C2","C2","C1","C1","C2","C2"
"308",0.132162843570658,0.35213014827908,"C1",0.0174670172206823,0.123995641327047,0.376115219776772,0.390004698739479,0.0465385217035208,-2.02372045331913,-1.04375443229161,"C2","C2","C1","C1","C2","C2"
"313",0.134277671323134,0.323054809662524,"C1",0.0180304930159635,0.10436441004609,0.349849829301164,0.400244319867143,0.043379047551222,-2.00784544896934,-1.12993328079743,"C2","C2","C1","C1","C2","C2"
"314",0.132797130665596,0.29910676195285,"C1",0.0176350779130154,0.0894648550459188,0.327261261011648,0.412844705804761,0.0397205197500159,-2.01893264860699,-1.20695470593595,"C2","C2","C1","C1","C2","C2"
"315",0.186492135029208,0.232551728304724,"C1",0.0347793164277523,0.0540803063375141,0.298093312178027,0.407811413210206,0.0433690683162802,-1.67936621221266,-1.45864259136922,"C2","C2","C1","C1","C2","C2"
"320",0.189904991657432,0.188464390600149,"C1",0.0360639058564093,0.0355188265242855,0.267549495197982,0.435904782952639,0.0357903285246443,-1.66123137579355,-1.66884619922271,"C2","C2","C1","C1","C2","C2"
"322",0.211155463940176,0.19250875649592,"C1",0.0445866299517909,0.0370596213276053,0.285738081605158,0.418454410480931,0.0406492757904422,-1.55516062088193,-1.64761363799837,"C2","C2","C1","C1","C2","C2"
"323",0.234770190660948,0.157337083002541,"C1",0.0551170424229778,0.0247549576877485,0.282616347918386,0.430662075505517,0.036938056974544,-1.44914815538703,-1.84936474970541,"C2","C2","C1","C1","C2","C2"
"325",0.26274179922161,0.155724212455179,"C1",0.0690332530582089,0.0242500303447856,0.305423121919403,0.415915952578899,0.0409152597628419,-1.33658348104761,-1.85966870513403,"C2","C2","C1","C1","C2","C2"
"327",0.288986931615347,0.0806912213660911,"C1",0.0835134466444533,0.00651107320555152,0.300040863633614,0.4683660862904,0.0233187084708814,-1.24137381121619,-2.51712549071266,"C2","C2","C1","C1","C2","C2"
"329",0.325005547757555,0.0675296033094782,"C1",0.105628606073189,0.00456024732313549,0.33194706414777,0.466190991637452,0.0219474957134474,-1.12391302677484,-2.69518920969847,"C2","C2","C1","C1","C2","C2"
"334",0.368940478873419,0.0424761379559711,"C1",0.136117076951348,0.00180422229565469,0.371377569660585,0.476488151490427,0.0156711666781694,-0.99711995181855,-3.15881282058888,"C2","C2","C1","C1","C2","C2"
"335",0.391526081574167,0.0538422582605779,"C1",0.153292672552821,0.00289898877459877,0.395210907399353,0.460067654561766,0.0210806483998684,-0.937703146168308,-2.92169665060668,"C2","C2","C1","C1","C2","C2"
"336",0.399535574645691,0.0503651745688312,"C1",0.159628675407463,0.00253665080934884,0.40269756172196,0.461793639979713,0.0201226789634885,-0.917452469816206,-2.98845532351922,"C2","C2","C1","C1","C2","C2"
"338",0.367511199087756,0.0471781924488251,"C1",0.135064481454921,0.00222578184273838,0.370527007514512,0.472321162719935,0.0173385140776607,-1.00100148708538,-3.05382351754608,"C2","C2","C1","C1","C2","C2"
"342",0.440452702943699,0.0299415976581409,"C1",0.19399858353041,0.00089649927032199,0.441469231997805,0.475678710001163,0.0131878576189809,-0.819952210667551,-3.508506539419,"C2","C2","C1","C1","C2","C2"
"356",0.706906487335258,0.102225321588437,"C1",0.499716781836674,0.0104500163738593,0.714259615413424,0.454670344858929,0.0722637430007989,-0.34685688868613,-2.28057586684803,"C2","C2","C1","C1","C2","C2"
"358",0.674838991081048,0.097731542958387,"C1",0.455407663883287,0.00955145448902705,0.681879108326626,0.444503138922029,0.065953055846832,-0.393281148294606,-2.32553091678521,"C2","C2","C1","C1","C2","C2"
"360",0.750418351581797,0.137268013181562,"C1",0.563127702390742,0.0188425074428135,0.762869720092203,0.447752794888629,0.103008436176616,-0.287124425856486,-1.98581996362267,"C2","C2","C1","C1","C2","C2"
"363",0.775845467623432,0.14432175171564,"C1",0.601936189631822,0.0208287680182708,0.789154584127909,0.457350760043651,0.111971376948054,-0.253801918290379,-1.93571008502225,"C2","C2","C1","C1","C2","C2"
"372",0.845963446272947,0.233328068948839,"C1",0.715654152430002,0.054441987759394,0.87755121798639,0.444985215884695,0.197387017320171,-0.167279128024586,-1.45530979450919,"C2","C2","C1","C1","C2","C2"
"377",0.871873972514871,0.277428290235606,"C1",0.760164223948862,0.0769664562230515,0.914948457658634,0.441822207206333,0.241882505495726,-0.137110392450668,-1.28219279275557,"C2","C1","C1","C1","C2","C2"
"380",0.876334454650244,0.330719845380475,"C1",0.767962076407141,0.109375616128485,0.936663062437943,0.421227257473034,0.289821195343512,-0.132007463365942,-1.10648365057275,"C2","C1","C1","C1","C2","C2"
"384",0.874654936827415,0.405001749251851,"C1",0.76502125851657,0.164026416897059,0.963871192335174,0.395084624122648,0.354236779406871,-0.133925828315578,-0.903863892744552,"C2","C2","C1","C1","C2","C2"
"389",0.85825532254556,0.463925945000051,"C1",0.736602198677783,0.21522728244419,0.97561748709316,0.368440951616221,0.398166911563272,-0.152853645037513,-0.768030340786518,"C2","C2","C1","C1","C2","C2"
"390",0.887048423914712,0.453260312974681,"C1",0.786854906369574,0.205444911317906,0.996142468569371,0.398271203931109,0.40206384624728,-0.119855705248703,-0.791288676214567,"C2","C1","C1","C1","C2","C2"
"391",0.859793031202969,0.534947697539615,"C1",0.73924405650519,0.286169039102935,1.01262682939379,0.369317618593588,0.459944302402634,-0.15106358009008,-0.625586298473305,"C2","C2","C1","C1","C2","C2"
"395",0.851084365081209,0.588913295317473,"C1",0.724344596485684,0.346818869401685,1.03497027294863,0.369380119686391,0.501214898033154,-0.161244018916801,-0.529476312758231,"C2","C2","C1","C1","C2","C2"
"397",0.845694535496618,0.606122630440471,"C1",0.71519924736884,0.367384643132076,1.04047291675512,0.368588525101688,0.512594596404342,-0.16759705373001,-0.500672952922115,"C2","C2","C2","C2","C2","C2"
"405",0.799397408882673,0.753726546800487,"C1",0.639036217328332,0.568103707351787,1.09869919663214,0.396885510229098,0.602527048518394,-0.223897074037821,-0.282725646780739,"C1","C2","C1","C1","C2","C2"
"409",0.698413913491232,0.819251088984996,"C1",0.487781994558138,0.671172346803102,1.07654741714485,0.377861272460003,0.572176359189965,-0.358943352703248,-0.199364662157839,"C2","C2","C2","C2","C2","C2"
"410",0.718639115319672,0.82819440268454,"C1",0.51644217806744,0.685905968638002,1.09651636864456,0.396588511207342,0.595172892857922,-0.330395973109935,-0.188507366303868,"C1","C2","C1","C1","C2","C2"
"413",0.668502944878034,0.889162891208547,"C1",0.446896187310604,0.790610647102343,1.11243284490029,0.424792448602837,0.594408011249181,-0.402714477247098,-0.117474830546842,"C1","C2","C1","C1","C2","C2"
"414",0.687483180076375,0.87335565945613,"C1",0.472633122887926,0.762750107904051,1.11147794885548,0.418986903963289,0.6004173261006,-0.374717915084146,-0.13541240695912,"C1","C2","C1","C1","C2","C2"
"415",0.630950609101925,0.911612185590993,"C1",0.39809867112609,0.831036776917986,1.10866381200257,0.431790250837378,0.575182263763374,-0.460527693510952,-0.0925406144434847,"C1","C2","C1","C1","C1","C2"
"419",0.555290532490612,0.931126836081687,"C1",0.308347575473707,0.866997184871492,1.08413318385944,0.43296354195169,0.517045916624098,-0.588263820239522,-0.0713597745916156,"C2","C2","C1","C1","C1","C2"
"425",0.473799330947286,0.937113909260855,"C1",0.224485806006095,0.878182478930161,1.0500801326262,0.434657139290999,0.444003943229188,-0.746971399357888,-0.0649504360846406,"C2","C1","C1","C1","C1","C2"
"430",0.431377824705333,0.928559855633529,"C1",0.186086827647505,0.862223405494161,1.02387022280251,0.430003950921531,0.40056013063189,-0.84077094944207,-0.0741204353952793,"C2","C1","C1","C1","C1","C2"
"432",0.402712200620896,0.936566053196778,"C1",0.162177116528924,0.877155972000589,1.01947687003164,0.44280296814735,0.377166576309701,-0.909533114536504,-0.0655352276079183,"C2","C1","C1","C1","C1","C2"
"435",0.380399166312429,0.947491678725948,"C1",0.144703525731191,0.897740481254914,1.02100147256804,0.458419330016966,0.360425044675314,-0.966534139921008,-0.0539371244114055,"C2","C1","C1","C1","C1","C2"
"437",0.394211512260003,0.945989862508622,"C1",0.155402716398319,0.894896819969082,1.02484122495507,0.453790985018779,0.372920094282157,-0.930867680580352,-0.0555234261519243,"C2","C1","C1","C1","C1","C2"
"439",0.39727096960707,0.951532378239815,"C1",0.157824223292541,0.905413866838718,1.03113437055083,0.458564234946073,0.378016190515852,-0.92313668803069,-0.0496815641966066,"C2","C1","C1","C1","C1","C2"
"440",0.411851992196174,0.924368028528315,"C1",0.169622063475957,0.854456252165324,1.01196754673323,0.429063596416371,0.380702814071836,-0.88709123641786,-0.0786449873674841,"C2","C1","C1","C1","C1","C2"
"441",0.396660591711577,0.951000062290723,"C1",0.157339625016979,0.90440111847696,1.03040804708326,0.458169838839517,0.377224247425985,-0.924674296674778,-0.050241150936514,"C2","C1","C1","C1","C1","C2"
"446",0.189041827007254,0.996807831047224,"C1",0.0357368123582405,0.993625852037072,1.01457511520602,0.579412574425209,0.188438373556305,-1.66578698149057,-0.0031972747927853,"C2","C1","C1","C1","C1","C1"
"449",0.207230414654793,0.990259979572558,"C1",0.0429444447579976,0.980614827143042,1.01171106147014,0.564453263563137,0.205211986182868,-1.57392399049476,-0.00978776469947823,"C2","C1","C1","C1","C1","C1"
"450",0.168351576836503,0.954394687843114,"C1",0.0283422534233368,0.910869220183155,0.969129234729039,0.55549543996271,0.16067385062277,-1.78170076700073,-0.0466779741788054,"C2","C1","C1","C1","C1","C1"
"454",0.102264464274916,0.920141170581451,"C1",0.0104580206534356,0.846659773799002,0.925806564273789,0.570913479072375,0.0940977438668061,-2.28019303416236,-0.0832281744265426,"C2","C1","C1","C1","C1","C1"
"461",0.0946681620999703,0.888943367677162,"C1",0.00896206091538625,0.790220310937215,0.893970006125821,0.553944207636318,0.0841546348289551,-2.35737753278314,-0.117721748897647,"C2","C1","C1","C1","C2","C1"
"471",0.0195814662562769,0.749800225622931,"C1",0.000383433820745711,0.562200378344199,0.750055872695458,0.532966723370169,0.0146821878169842,-3.93317175927614,-0.287948473769553,"C2","C1","C1","C1","C2","C2"
"475",0.00583700737102318,0.289142084902308,"C1",3.4070655049379e-05,0.0836031452616536,0.289200995704895,0.530938819422652,0.00168772448084778,-5.14353704995107,-1.24083706842607,"C2","C1","C1","C1","C2","C2"
"478",0.00500972632186097,0.239003280072147,"C1",2.50973578199467e-05,0.0571225678852453,0.239055778518456,0.55375372024763,0.00119734102318855,-5.29637399175249,-1.43127800299356,"C2","C1","C1","C1","C2","C1"
"483",0.0261059196424249,0.192036823828018,"C1",0.000681519040376744,0.0368781417059533,0.193803149474744,0.559941398092252,0.00501329789124075,-3.64559318414696,-1.65006813457293,"C2","C2","C1","C1","C2","C1"
"487",0.0618168183892391,0.129799951622526,"C1",0.00382131903576817,0.0168480274412102,0.14376837787559,0.569300428976648,0.00802382003638174,-2.78357980932177,-2.04176084742002,"C2","C1","C1","C1","C2","C1"
"488",0.0743992489862035,0.0619505561046938,"C1",0.00553524824971111,0.00383787140168081,0.0968148730897888,0.607175920136458,0.00460907484846688,-2.5983094314655,-2.78141869427748,"C2","C1","C1","C1","C2","C1"
"490",0.0635585976129769,0.0636053845237528,"C1",0.00403969533052832,0.00404564494041445,0.089918520177674,0.613494166310012,0.00404266904096387,-2.75579300154418,-2.75505714989656,"C2","C1","C1","C1","C2","C1"
"498",0.122973957254689,0.000526820258222917,"C1",0.0151225941628782,2.77539584474061e-07,0.122975085698131,0.62321647410109,6.47851719156094e-05,-2.09578267566428,-7.54865113358981,"C2","C1","C1","C1","C2","C1"
"503",0.835412125785745,0.0187627676171665,"C1",0.697913419909857,0.000352041448655792,0.835622798491348,0.59358397465923,0.015674643580681,-0.179830112078575,-3.97588081871767,"C2","C1","C1","C2","C2","C1"
"506",0.892872173877781,0.0397243236535809,"C1",0.797220718885235,0.00157802188973444,0.893755414403163,0.612591747737347,0.0354687432163973,-0.113311850705591,-3.22579159241655,"C2","C1","C1","C2","C2","C1"
"511",0.911754191072724,0.0993568787730873,"C1",0.831295704938678,0.00987178935952997,0.917151838191587,0.582315926289743,0.090589050633267,-0.0923848525693643,-2.30903707460472,"C2","C1","C1","C1","C2","C1"
"514",0.93751581363943,0.158290490747175,"C1",0.878935900824003,0.0250558794609814,0.95078482333543,0.563298907196035,0.148399838224222,-0.0645216533977734,-1.84332338498495,"C2","C1","C1","C1","C1","C1"
"515",0.932904832211239,0.137662477601846,"C1",0.870311425963079,0.0189509577394787,0.943007096316119,0.572588151178986,0.128425990568934,-0.0694520852545574,-1.98295040419447,"C2","C1","C1","C2","C2","C1"
"516",0.943150034259293,0.161522376094369,"C1",0.889531987123306,0.0260894779791707,0.956881113358643,0.565811355924725,0.152339834547046,-0.0585299058660725,-1.8231115942489,"C2","C1","C1","C1","C1","C1"
"519",0.958250818777468,0.209290544207132,"C1",0.918244631687687,0.0438025318945176,0.980840029557422,0.551066249938858,0.200552835348866,-0.0426457202710495,-1.56403182872976,"C2","C1","C1","C1","C1","C1"
"527",0.992039512512159,0.268823738394224,"C1",0.984142394385362,0.0722662023242461,1.02781739463273,0.552200488354617,0.266683770388302,-0.00799234132905348,-1.31369936175395,"C2","C1","C1","C1","C1","C1"
"533",0.992002473904592,0.753850052278924,"C1",0.98406890823283,0.568289901320936,1.24593692037509,0.559587163885907,0.747821116813798,-0.0080296778449387,-0.282561800407973,"C1","C1","C1","C1","C1","C1"
"535",0.997437332793969,0.778093750654755,"C1",0.994881232851146,0.605429884807983,1.2650340381425,0.575640960258582,0.776099755316734,-0.00256595645834355,-0.25090825993661,"C1","C1","C1","C1","C1","C1"
"536",0.989548448540566,0.750700387557022,"C1",0.979206132009042,0.563551071878263,1.24207777690743,0.555983670537862,0.742854403825853,-0.0105065524897738,-0.286748658142461,"C1","C1","C1","C1","C1","C1"
"537",0.991223811882528,0.754740529301878,"C1",0.98252464524293,0.56963326657088,1.24585629661442,0.559291857634345,0.748116784436845,-0.00881492566830111,-0.281381258599948,"C1","C1","C1","C1","C1","C1"
"538",0.981548285587724,0.828148122382198,"C1",0.9634370369402,0.685829312605161,1.28423765306323,0.587886572628531,0.812867369736939,-0.0186240707673624,-0.188563248830161,"C1","C1","C1","C1","C1","C1"
"540",0.980536548625498,0.824605389875799,"C1",0.961451923190404,0.679974049012219,1.28118147512467,0.585088321372131,0.808555722966799,-0.019655358542747,-0.192850322378772,"C1","C1","C1","C1","C1","C1"
"541",0.99737150551035,0.819932739119427,"C1",0.994749920003981,0.672289696679886,1.29113888357677,0.596724177510925,0.817777550432768,-0.0026319550466583,-0.198532967552224,"C1","C1","C1","C1","C1","C1"
"548",0.952266936330536,0.931398055754721,"C1",0.906812318028346,0.867502338263675,1.33203402970495,0.628990876914299,0.886939573057766,-0.0489098881890032,-0.0710685358799716,"C1","C1","C1","C1","C1","C1"
"550",0.909122954634902,0.955856970356379,"C1",0.826504546644094,0.913662547778876,1.31915393128436,0.615895537464945,0.868991513098758,-0.0952749303272025,-0.0451469897217464,"C1","C1","C1","C1","C1","C1"
"558",0.848417784625872,0.999162234862627,"C1",0.719812737269472,0.998325171575679,1.31077759701833,0.6111187710643,0.847707009783985,-0.164382093963146,-0.000838116258704306,"C1","C1","C1","C1","C1","C1"
"559",0.864463149192783,0.991803379661587,"C1",0.747296536312304,0.983673943908147,1.31566351329679,0.61474764178925,0.857377472962301,-0.145646601496332,-0.00823039732896985,"C1","C1","C1","C1","C1","C1"
"562",0.818585684110024,0.992007080483584,"C1",0.670082522229877,0.984078047729563,1.2861417378965,0.588244674713229,0.812042794619642,-0.200177203337171,-0.00802503413847886,"C1","C1","C1","C1","C1","C1"
"563",0.826489171726025,0.995691487410857,"C1",0.683084350980372,0.991401538102444,1.29401927693633,0.595715359328873,0.822928232724853,-0.190568463166803,-0.0043178209759985,"C1","C1","C1","C1","C1","C1"
"565",0.813488108138578,0.984422181516217,"C1",0.661762902082883,0.969087031461148,1.27704734976587,0.579106006044112,0.800815738051279,-0.206423970575461,-0.0157004276875926,"C1","C1","C1","C1","C1","C1"
"566",0.989205516409325,0.292028897529634,"C1",0.97852755369464,0.0852808769923737,1.03141089323655,0.540163424616312,0.288876596387248,-0.0108531667134203,-1.2309025174679,"C2","C1","C1","C1","C1","C2"
"567",0.995022633404348,0.276389558511351,"C1",0.990070040986924,0.0763911880540995,1.03269609713653,0.551756002098288,0.27501386635543,-0.00498979494220826,-1.28594396453391,"C2","C1","C1","C1","C1","C1"
"569",0.995887644055115,0.280280626455476,"C1",0.991792199581647,0.0785572295662739,1.0345769324453,0.550961722788591,0.279128012755035,-0.00412083493432613,-1.27196394037642,"C2","C1","C1","C1","C1","C1"
"577",0.994732070601422,0.516287845252207,"C1",0.989491892282992,0.266553139155167,1.12073414842154,0.503037668944742,0.513568077334074,-0.00528185386224178,-0.661090829399205,"C2","C1","C2","C2","C1","C2"
"579",0.987107710144146,0.664446380469054,"C1",0.974381631426019,0.441488992518426,1.18990361960305,0.52093667108742,0.655880145138373,-0.012976116683982,-0.408801095628512,"C1","C1","C1","C1","C1","C2"
"581",0.993510592952051,0.76587801987247,"C1",0.987063298307935,0.586569141323776,1.25444507238528,0.566420075268561,0.76090792565244,-0.00651055479038772,-0.266732364908387,"C1","C1","C1","C1","C1","C1"
"583",0.977456685631175,0.738151426964306,"C1",0.955421572285082,0.544867529129441,1.22486289086351,0.539597121050095,0.721511047294453,-0.0228012994791511,-0.303606289840858,"C1","C1","C1","C1","C1","C2"
"586",0.98998695984807,0.784956344549297,"C1",0.980074180669224,0.616156462848194,1.26342021652236,0.572459485161451,0.777096545153812,-0.0100635078108879,-0.242127174785248,"C1","C1","C1","C1","C1","C1"
"588",0.991469978717299,0.785825392071006,"C1",0.98301271869768,0.61752154682355,1.26512223343092,0.574178191037294,0.779122284752153,-0.00856661013193093,-0.241020658723699,"C1","C1","C1","C1","C1","C1"
"589",0.48017289656509,0.664896669000572,"C2",0.230566010595708,0.442087580448056,0.820154614108684,0.162485805789237,0.319265359470484,-0.7336090387598,-0.408123635361323,"C2","C2","C2","C2","C2","C2"
"592",0.46208878145298,0.660581732806246,"C2",0.2135260419447,0.436368225717302,0.806160199750646,0.160536357334216,0.305247407962536,-0.771998238715093,-0.414634418835507,"C2","C2","C2","C2","C2","C2"
"595",0.450602559347927,0.670104956372628,"C2",0.203042666490902,0.449040652555162,0.807516760845287,0.172288573877915,0.301951008373237,-0.797169571133441,-0.400320927563229,"C2","C2","C2","C2","C2","C1"
"598",0.451312003501679,0.659478337518344,"C2",0.203682524504699,0.434911677655958,0.799120893332578,0.161812067093166,0.29763048977136,-0.795596374892259,-0.416306154190099,"C2","C2","C2","C2","C2","C2"
"600",0.444485637238515,0.667167923811034,"C2",0.197567481711328,0.445113038562326,0.80167357463849,0.171031402976108,0.296546559760244,-0.810837536724548,-0.40471350491607,"C2","C2","C2","C2","C2","C1"
"601",0.4176706992246,0.631307224980441,"C2",0.174448812990766,0.398548812312505,0.756966066150439,0.148363997671608,0.263678530083123,-0.873061957833668,-0.45996264906698,"C2","C2","C2","C2","C2","C2"
"603",0.430518137967604,0.651069136767113,"C2",0.185345867119093,0.423891020850674,0.78053628228915,0.160432582286141,0.280297072449153,-0.842765823672963,-0.429139441541339,"C2","C2","C2","C2","C2","C2"
"607",0.427210762453653,0.593978026740229,"C2",0.182509035556232,0.352809896250216,0.731654926728747,0.1117534969808,0.253753805684409,-0.850477798644003,-0.52091295232353,"C2","C2","C2","C2","C2","C2"
"610",0.381849093638182,0.623185921293123,"C2",0.145808730312301,0.388360692497959,0.730868950503618,0.163065779372356,0.237962979213854,-0.962729791257523,-0.472910375673842,"C2","C2","C2","C2","C2","C2"
"619",0.380970071150147,0.547117408331418,"C2",0.145138195112148,0.299337458499287,0.666690073131013,0.11941899472305,0.208435357979504,-0.965034460352605,-0.603091859132493,"C2","C2","C2","C2","C2","C2"
"621",0.376997914711882,0.518094026452077,"C2",0.142127427697107,0.268421420245326,0.640740858649137,0.115885757177527,0.195320367597116,-0.975515622817642,-0.657598534947844,"C2","C2","C2","C2","C2","C2"
"631",0.388322453286627,0.453291720772328,"C2",0.150794327726544,0.205473384120738,0.596881656484166,0.114792489177595,0.176023353064827,-0.945919219330594,-0.791219385547313,"C2","C2","C2","C2","C2","C2"
"635",0.430576919532811,0.402704399995176,"C2",0.185396483634365,0.162170833775475,0.58954840124441,0.117401303469682,0.173395220032232,-0.842629296201841,-0.90955248494857,"C2","C2","C2","C2","C2","C2"
"638",0.425454056619052,0.377082889802244,"C2",0.181011154293608,0.142191505781612,0.568509155665253,0.142213529081713,0.160431445148,-0.854598311841789,-0.975290248851845,"C2","C2","C2","C2","C2","C2"
"641",0.467660029443942,0.361239599115881,"C2",0.218705903139508,0.130494047969402,0.590931426739948,0.143648725867317,0.16893732155885,-0.760013679856746,-1.0182138313447,"C2","C2","C2","C2","C2","C2"
"645",0.474197278412552,0.361922659287116,"C2",0.224863058853871,0.130988011305458,0.596532539061642,0.142014558658881,0.171622740029784,-0.746131844691318,-1.01632473836056,"C2","C2","C2","C2","C2","C2"
"648",0.480364875196774,0.351006026922183,"C2",0.230750413322812,0.123205230935697,0.594941715009553,0.152262352292123,0.16861096631579,-0.733209307192997,-1.04695188494521,"C2","C2","C2","C2","C2","C2"
"650",0.516006805792046,0.328471465004813,"C2",0.266263023623711,0.107893503322408,0.611683355132473,0.176023388397816,0.169493511450967,-0.661635324068085,-1.11330530935153,"C2","C2","C2","C2","C2","C1"
"651",0.506532462329271,0.359594127928245,"C2",0.256575135393355,0.129307936840475,0.621194874603638,0.143986678314785,0.182146099058641,-0.680166865877729,-1.02277930597227,"C2","C2","C2","C2","C2","C2"
"653",0.510404871404717,0.361622099314574,"C2",0.260513132753666,0.13077054271268,0.625526718427235,0.142421305502794,0.184573681097759,-0.672551002708865,-1.01715553697048,"C2","C2","C2","C2","C2","C2"
"654",0.511752885963471,0.35358072733768,"C2",0.261891016291942,0.125019330744643,0.622021178929291,0.150569992440495,0.180945957636121,-0.669913415055621,-1.03964345383957,"C2","C2","C2","C2","C2","C2"
"658",0.543128846219957,0.372436556743579,"C2",0.294988943596222,0.138708988799013,0.658557463244655,0.140107775307678,0.202281037354274,-0.610408701339763,-0.987688573135092,"C2","C2","C2","C2","C2","C2"
"661",0.576329818275511,0.409689602759649,"C2",0.332156059433483,0.167845570609359,0.707107933799956,0.125731331678979,0.236116334307835,-0.551075180986982,-0.89235547244318,"C2","C2","C2","C2","C2","C2"
"671",0.582785527459764,0.496315404104086,"C2",0.339638971016556,0.246328980351002,0.765485435111314,0.0911444599187134,0.289245434567206,-0.539936037742651,-0.70054365898186,"C2","C2","C2","C2","C2","C2"
"673",0.596029964510688,0.525258978587646,"C2",0.355251718594612,0.275896994586937,0.794448685052439,0.106542579711477,0.313070090366515,-0.51746433715594,-0.643863845471388,"C2","C2","C2","C2","C2","C2"
"678",0.57912116576444,0.570105741465785,"C2",0.335381324636364,0.325020556452253,0.812651143534922,0.110171032398364,0.330160301606666,-0.546243556006391,-0.56193342401516,"C2","C2","C2","C2","C2","C2"
"680",0.587427225735749,0.566226820345659,"C2",0.345070745535599,0.320612812078755,0.815894329931489,0.114669760136807,0.332617050212825,-0.532002911724566,-0.568760538394674,"C2","C2","C2","C2","C2","C2"
"685",0.505657301640183,0.667245518839336,"C2",0.255689306702031,0.445216582411175,0.837201223788646,0.164989472352698,0.337397568587803,-0.68189610863106,-0.404597206584669,"C2","C2","C2","C2","C2","C1"
"690",0.481638946025506,0.678833323242297,"C2",0.23197607432856,0.460814680744181,0.832340528313227,0.176297941819277,0.326952566333412,-0.730560520264006,-0.387379655427042,"C2","C2","C2","C2","C2","C1"
"692",0.46029727512341,0.685395081467168,"C2",0.211873581486037,0.469766417699385,0.825614921852447,0.185273086999842,0.315485488382325,-0.775882747960495,-0.377759845716826,"C2","C2","C2","C2","C2","C1"
"698",0.530489299778585,0.605313194858581,"C2",0.281418897179573,0.366404063869903,0.804874500185884,0.109514166519188,0.321112172887267,-0.633955491200161,-0.502009277447841,"C2","C2","C2","C2","C2","C2"
"701",0.540983033505415,0.581934672367721,"C2",0.292662642540721,0.338647962903726,0.794550568211015,0.093106247067049,0.314816784359469,-0.614367361985261,-0.5413970843417,"C2","C2","C2","C2","C2","C2"
"702",0.536700308536135,0.5538912385264,"C2",0.288047221182782,0.306795504116309,0.771260478242657,0.06794359901628,0.297273598612581,-0.622315424923173,-0.590786931857675,"C2","C2","C2","C2","C2","C2"
"705",0.564037101871451,0.53151051080618,"C2",0.318137852287545,0.282503423097446,0.77501050017725,0.0776522512192677,0.299791648129332,-0.572635246187696,-0.632032305654976,"C2","C2","C2","C2","C2","C2"
"706",0.543520679262753,0.522218902720219,"C2",0.295414728786244,0.27271258235831,0.75374220469903,0.0551648707020187,0.283836772730343,-0.609687524823159,-0.649668425133607,"C2","C2","C2","C2","C2","C2"
"713",0.56631752499505,0.461345062507936,"C2",0.320715539116519,0.212839266700451,0.730448359445738,0.085223297373731,0.261267793968181,-0.568600359855161,-0.773609007284408,"C2","C2","C2","C2","C2","C2"
"719",0.561976825950106,0.447222610954353,"C2",0.315817952904955,0.200008063748829,0.718210287209661,0.0894809532092057,0.251328743397246,-0.576294664902855,-0.804698797251368,"C2","C2","C2","C2","C2","C2"
"720",0.567993053594231,0.447841098189404,"C2",0.322616108931299,0.200561649227491,0.723310277929735,0.0939049238661905,0.254370632885593,-0.56564608992339,-0.803316801026584,"C2","C2","C2","C2","C2","C2"
"724",0.554855318869742,0.437605275276567,"C2",0.307864424878043,0.19149837694988,0.706656070396287,0.0906709584312362,0.242807614552661,-0.589047885941579,-0.82643797292745,"C2","C2","C2","C2","C2","C2"
"728",0.524172554465438,0.421972936314189,"C2",0.274756866854823,0.178061158981618,0.672917547576552,0.0870717076538517,0.22118663194309,-0.645934346454276,-0.862814098959566,"C2","C2","C2","C2","C2","C2"
"729",0.510998378409931,0.414029967263644,"C2",0.261119342737579,0.171420813792334,0.657677851633999,0.0908386610541251,0.211568641884839,-0.671388862149553,-0.881816923081676,"C2","C2","C2","C2","C2","C2"
"735",0.457308420391446,0.422324552710521,"C2",0.209130991360919,0.178358027822141,0.622486159832539,0.0876149309950568,0.193132574092572,-0.782397235210926,-0.861981178285915,"C2","C2","C2","C2","C2","C2"
"737",0.452247923841276,0.433215327902507,"C2",0.204528184618744,0.187675520329676,0.626261690468466,0.0801051941369437,0.195920732620126,-0.793524745449662,-0.836520381511488,"C2","C2","C2","C2","C2","C2"
"738",0.447426833437707,0.436472915015126,"C2",0.200190771280093,0.190508605541801,0.625059498625447,0.0798699737467498,0.195289694246543,-0.804242255332785,-0.829028955993947,"C2","C2","C2","C2","C2","C2"
"747",0.448619736378629,0.430899003198436,"C2",0.20125966786843,0.185673950957406,0.622039885237141,0.0839370525211877,0.193309797220696,-0.801579662369757,-0.841881547664399,"C2","C2","C2","C2","C2","C2"
"753",0.475004391014877,0.398548538304959,"C2",0.225629171483414,0.158840937385019,0.620056536832274,0.105639927534385,0.189312305727416,-0.744431230748377,-0.919925985647339,"C2","C2","C2","C2","C2","C2"
"754",0.461912147983295,0.39352415946583,"C2",0.213362832454542,0.154861264083288,0.60681471351462,0.113340656042789,0.181773589782183,-0.772380561862633,-0.932612816654008,"C2","C2","C2","C2","C2","C2"
"758",0.475532096114511,0.416431485507255,"C2",0.226130774435061,0.173415182121779,0.632096477253939,0.0879332106652608,0.198026537191345,-0.743320899559635,-0.876033331489766,"C2","C2","C2","C2","C2","C2"
"764",0.50198191779459,0.405240267565961,"C2",0.251985845792735,0.164219674456932,0.645139923000946,0.0981145036916629,0.203423286680354,-0.689191180268657,-0.903275134531452,"C2","C2","C2","C2","C2","C2"
"765",0.525684570262586,0.396491114928008,"C2",0.27634426741216,0.157205204216855,0.658444736959006,0.111587065907109,0.208429261363864,-0.64305392242905,-0.925101646914914,"C2","C2","C2","C2","C2","C2"
"766",0.524630883145809,0.402479952572681,"C2",0.275237563550352,0.161990112222907,0.66123193795616,0.105563598640193,0.211153412966689,-0.645060343389239,-0.910109990636786,"C2","C2","C2","C2","C2","C2"
"771",0.552794385017089,0.412595255220831,"C2",0.305581632106421,0.170234844630743,0.689794517763923,0.108876321054992,0.228080340370768,-0.592769163929958,-0.885288178118256,"C2","C2","C2","C2","C2","C2"
"780",0.582980527647874,0.454173614550126,"C2",0.339866295616594,0.206273672153526,0.739012833291899,0.103286214130842,0.264774373454175,-0.539601493450382,-0.789275743137842,"C2","C2","C2","C2","C2","C2"
"786",0.613042984537487,0.46124419809158,"C2",0.375821700890629,0.212746210273145,0.767181797987787,0.128107137714662,0.282762519798662,-0.489320223909735,-0.773827662369753,"C2","C2","C2","C2","C2","C2"
"790",0.614193112802329,0.452114738759498,"C2",0.377233179813815,0.204407737003569,0.76265386435616,0.132416726660644,0.277685758742508,-0.487445884320067,-0.793819284550508,"C2","C2","C2","C2","C2","C2"
"798",0.590788561748636,0.55655020623435,"C2",0.349031124693022,0.309748132059497,0.811652177199395,0.112559228628566,0.328803495882098,-0.526297089127369,-0.585997894484441,"C2","C2","C2","C2","C2","C2"
"800",0.614825048464774,0.555218115414101,"C2",0.378009840219712,0.308267155683986,0.82841837009068,0.133645399800052,0.341362004717995,-0.486417525687053,-0.58839424169414,"C2","C2","C2","C2","C2","C2"
"801",0.594824126738722,0.62617506023072,"C2",0.353815741750483,0.392095206054946,0.8636613617648,0.160661055350209,0.372464033387304,-0.519489502443529,-0.46812529804565,"C2","C2","C2","C2","C2","C2"
"807",0.566381191612232,0.63635733561215,"C2",0.320787654212092,0.404950658587395,0.851902760178347,0.152905456774025,0.360420826035195,-0.568487944053296,-0.451995024972981,"C2","C2","C2","C2","C2","C2"
"814",0.524594353566296,0.649169734878204,"C2",0.27519923579364,0.421421344681838,0.834637993668799,0.149950353369481,0.340550777423235,-0.645129974919725,-0.432061063531602,"C2","C2","C2","C2","C2","C2"
"816",0.532542589665153,0.664370420844552,"C2",0.283601609807268,0.441388056093167,0.85146324988248,0.166578272597978,0.353805544413485,-0.630092404004997,-0.408915422335563,"C2","C2","C2","C2","C2","C1"
"819",0.418386343577022,0.4292588411528,"C2",0.17504713249175,0.184263152707845,0.599424962109183,0.103988519763712,0.17959603699803,-0.871350006398376,-0.845695182671642,"C2","C2","C2","C2","C2","C2"
"821",0.42602942453204,0.448354050459716,"C2",0.181501070567101,0.201021354563634,0.618483973220596,0.0854604433134228,0.191012018103962,-0.85324686342665,-0.802172067478092,"C2","C2","C2","C2","C2","C2"
"823",0.42565271897082,0.446855042807193,"C2",0.181180237167252,0.199679429282218,0.617138287946446,0.0867110870240162,0.190205063956704,-0.854131478863662,-0.805521025983564,"C2","C2","C2","C2","C2","C2"
"833",0.366114449731551,0.551787724936702,"C2",0.134039790302236,0.304469693390821,0.66220048602599,0.134952396080443,0.202017459283825,-1.00480929027797,-0.594591862939859,"C2","C2","C2","C2","C2","C2"
"840",0.398144549458478,0.612731624135862,"C2",0.158519082263495,0.375440043216171,0.730725068325746,0.144440446846034,0.243955756430534,-0.920940150040908,-0.489828246193959,"C2","C2","C2","C2","C2","C2"
"841",0.438768155413774,0.633727319240163,"C2",0.192517494205206,0.401610315151324,0.770796866467768,0.141257418083935,0.278059366898323,-0.82378412519773,-0.456136512898358,"C2","C2","C2","C2","C2","C2"
"845",0.41665639283032,0.511135445569452,"C2",0.173602549686374,0.261259443717482,0.659440667083746,0.0756748325717529,0.212967850998686,-0.875493394865126,-0.671120664077779,"C2","C2","C2","C2","C2","C2"
"847",0.400078454231259,0.505283632266241,"C2",0.160062769540073,0.255311549036166,0.644495398413549,0.0918286382611557,0.202153094545434,-0.916094615528076,-0.682635359320049,"C2","C2","C2","C2","C2","C2"
"848",0.394836285267394,0.518166865359681,"C2",0.155895692163755,0.268496900356677,0.651454213679236,0.0982421844223547,0.204591080267266,-0.929284067673968,-0.657457954697641,"C2","C2","C2","C2","C2","C2"
"849",0.469207043426389,0.654724435079894,"C2",0.220155249600933,0.428664085890686,0.805493224981824,0.153573730711981,0.30720131644285,-0.756711150750295,-0.423540841671772,"C2","C2","C2","C2","C2","C2"
"855",0.248328706087897,0.467935173101756,"C2",0.0616671462672889,0.21896332622577,0.52974566774355,0.246033202055593,0.116201736069375,-1.39300198264739,-0.759425511672476,"C2","C2","C2","C2","C2","C1"
"856",0.243224112207162,0.485948727271363,"C2",0.0591579687589623,0.236146165536658,0.543418930748295,0.249222844243627,0.118194447768778,-1.41377198821606,-0.72165216008874,"C2","C2","C2","C2","C2","C1"
"861",0.202133417582127,0.407383929394426,"C2",0.0408579185034307,0.165961665928843,0.454774212584963,0.305057869224815,0.0823459059165314,-1.59882731652405,-0.897999222716552,"C2","C2","C2","C2","C2","C2"
"862",0.228423839981394,0.401739928877262,"C2",0.0521774506718454,0.161394970454308,0.46213896300372,0.282180698283425,0.0917669772279963,-1.47655242844506,-0.911950342812485,"C2","C2","C2","C2","C2","C2"
"864",0.223880691479017,0.392214715636052,"C2",0.0501225640171229,0.153832383161469,0.451613714559901,0.289925796827715,0.0878093017448454,-1.49664199634923,-0.935945845179127,"C2","C2","C2","C2","C2","C2"
"865",0.205060803977726,0.408317129782311,"C2",0.0420499333279915,0.166722878473665,0.456916635505489,0.301985481049968,0.0837298389110384,-1.58444873905283,-0.895711127624546,"C2","C2","C2","C2","C2","C2"
"867",0.21655159655938,0.414184945842868,"C2",0.0468945939724163,0.171549169362859,0.467379677922859,0.289242232596076,0.0896924112931332,-1.52992643864316,-0.881442675821502,"C2","C2","C2","C2","C2","C2"
"871",0.206404738778383,0.365610896770436,"C2",0.0426029161901724,0.133671327837283,0.419850263817298,0.316737674362683,0.0754638216424321,-1.5779162864407,-1.00618563467553,"C2","C2","C2","C2","C2","C2"
"872",0.209378317886163,0.340879714768489,"C2",0.0438392800008391,0.116198979940646,0.400047822068169,0.325626799039782,0.0713728212797411,-1.56361252990788,-1.07622560654133,"C2","C2","C2","C2","C2","C2"
"876",0.227696894676885,0.408704009239032,"C2",0.0518458758454966,0.167038967168059,0.467851304383728,0.280446009938964,0.0930606337457207,-1.47973994378811,-0.894764078724194,"C2","C2","C2","C2","C2","C2"
"877",0.210125535286944,0.432084742014039,"C2",0.0441527405796246,0.186697224281339,0.480468484773937,0.29049559862939,0.090792037705021,-1.56005013978751,-0.839133547905755,"C2","C2","C2","C2","C2","C2"
"882",0.229021671438177,0.327233398351929,"C2",0.0524509259883362,0.107081696996952,0.399415351464223,0.316111816199235,0.0749435398409536,-1.47393864480431,-1.11708160625994,"C2","C2","C2","C2","C2","C2"
"884",0.21312315107148,0.332532741461888,"C2",0.045421477522637,0.110578024144159,0.394967722310059,0.326656305824586,0.0708704256947955,-1.54588510630642,-1.10101695317207,"C2","C2","C2","C2","C2","C2"
"885",0.22962406673136,0.355703848821112,"C2",0.052727212022248,0.126525228066153,0.423382144272052,0.300702746504887,0.0816781643183006,-1.47131179977145,-1.03365677967268,"C2","C2","C2","C2","C2","C2"
"893",0.254744313170616,0.255124213309151,"C2",0.0648946650927688,0.0650883642166133,0.360531592664751,0.342914260478337,0.0649914424926334,-1.36749493030564,-1.36600474140749,"C2","C2","C2","C2","C2","C2"
"894",0.258719712003128,0.260489779786295,"C2",0.0669358893789815,0.0678549253731127,0.36713868599222,0.336290375518814,0.0673938408060686,-1.35200999631441,-1.3451916516244,"C2","C2","C2","C2","C2","C2"
"897",0.278822819169644,0.257737530377736,"C2",0.0777421644897078,0.0664286345652145,0.379698300042181,0.324750113966773,0.0718631048257421,-1.27717875563434,-1.35581353600323,"C2","C2","C2","C2","C2","C2"
"901",0.28163955751791,0.318241919971445,"C2",0.0793208403588839,0.101277919627112,0.424969128274038,0.279772151635754,0.0896295135244078,-1.26712719042351,-1.1449434308019,"C2","C2","C2","C2","C2","C2"
"911",0.339181894072228,0.232490787911776,"C2",0.115044357266424,0.0540519664638386,0.411213233894853,0.310483130317257,0.078856665798261,-1.08121875481386,-1.45890467662453,"C2","C2","C2","C2","C2","C2"
"912",0.354252736824635,0.204597212291512,"C2",0.125495001547744,0.0418600192774582,0.409090479998255,0.328457235208829,0.0724791224009591,-1.03774467475415,-1.58671205072111,"C2","C2","C2","C2","C2","C2"
"914",0.285999062976562,0.297516801329268,"C2",0.0817954640234717,0.0885162470731992,0.412688394671659,0.290756404645185,0.0850895263999548,-1.25176674447338,-1.21228458053475,"C2","C2","C2","C2","C2","C2"
"921",0.407603139447619,0.160204152987322,"C2",0.166140319287555,0.0256653706343851,0.437956264850658,0.352839907902541,0.0652997157101789,-0.897461275387423,-1.83130632091784,"C2","C2","C2","C2","C2","C2"
"924",0.408999566728968,0.151472757632358,"C2",0.167280645584483,0.0229439963047512,0.436147500152453,0.361001498783745,0.0619522922428765,-0.894041182282274,-1.88734948781003,"C2","C2","C2","C2","C2","C2"
"925",0.460092347330654,0.159322068767971,"C2",0.211684968072231,0.0253835215965059,0.486896795705966,0.344977809219326,0.0733028646010315,-0.776328054580959,-1.83682753576699,"C2","C2","C2","C2","C2","C2"
"926",0.447304348706304,0.137833547204826,"C2",0.200081180371571,0.0189980867350649,0.468059042329743,0.367710360285255,0.0616535450623342,-0.80451604646606,-1.98170850152029,"C2","C2","C2","C2","C2","C2"
"933",0.619737060521649,0.244249448036744,"C2",0.384074024184014,0.059657792866254,0.666131981705029,0.288468701000303,0.151370434960327,-0.478459986829937,-1.40956524789089,"C2","C2","C2","C2","C2","C2"
"934",0.605498686837606,0.252267846826737,"C2",0.366628659762065,0.0636390665425981,0.655947960058314,0.275124073952776,0.15274784998494,-0.501702884715362,-1.37726387169914,"C2","C2","C2","C2","C2","C2"
"944",0.51511990467214,0.123285590538697,"C2",0.265348516189435,0.0151993368344752,0.529667681687216,0.38025833866443,0.063506861645742,-0.663355580811746,-2.09325174069627,"C2","C2","C2","C2","C2","C2"
"947",0.548855266140422,0.117476990742015,"C2",0.301242103170074,0.0138008433537995,0.561286866516466,0.389545743241026,0.0644778650190846,-0.599920504032089,-2.14151278804606,"C2","C2","C2","C2","C2","C2"
"948",0.51736925787799,0.109865678647628,"C2",0.267670948997222,0.0120704673447039,0.528905867184253,0.393793234500633,0.0568411246281851,-0.658998427543585,-2.2084967625471,"C2","C2","C2","C2","C2","C2"
"949",0.750595739330828,0.250572891865701,"C2",0.563393963901593,0.0627867741379401,0.791315826986629,0.36134717385437,0.188078945026199,-0.286888068648475,-1.38400541529347,"C2","C2","C2","C2","C2","C2"
"950",0.741151353707357,0.260915312856492,"C2",0.549305329102248,0.068076800483001,0.785736679546812,0.347365885162664,0.193377737326567,-0.299550418528143,-1.34355939612602,"C2","C2","C2","C2","C2","C2"
"952",0.750201922041908,0.274296387398303,"C2",0.562802923835372,0.0752385081397598,0.798774957028031,0.344908669136238,0.205777677035358,-0.287412879298299,-1.29354605138305,"C2","C2","C2","C2","C2","C2"
"956",0.597271764557176,0.174132183979714,"C2",0.356733560737243,0.0303220174975449,0.622137909337462,0.34518498482423,0.104004236791758,-0.515383052155672,-1.74794059013259,"C2","C2","C2","C2","C2","C2"
"957",0.574277694422045,0.148022532761958,"C2",0.3297948703107,0.0219106702052649,0.593047671368807,0.364253482756724,0.0850060388370488,-0.554642211458631,-1.91039076841503,"C2","C2","C2","C2","C2","C2"
"965",0.676070080220097,0.208491927708915,"C2",0.457070753368808,0.0434688839197794,0.707488259470493,0.347224103850713,0.140955154291409,-0.391458539347788,-1.56785495451715,"C2","C2","C2","C2","C2","C2"
"966",0.700584865568315,0.229998118087456,"C2",0.490819153863374,0.0528991343237715,0.73737255725118,0.343509542233442,0.161133200641266,-0.355839770552686,-1.46968415232087,"C2","C2","C2","C2","C2","C2"
"976",0.744290731196117,0.276277579996186,"C2",0.55396869254445,0.0763293012085489,0.79391308954633,0.339177330354327,0.205630842028455,-0.295323552742157,-1.2863491940433,"C2","C2","C2","C2","C2","C2"
"978",0.761090029859577,0.35602458607068,"C2",0.579258033551652,0.126753505886799,0.840244928243218,0.306642633070521,0.270966762843278,-0.273003623440398,-1.03275548851848,"C2","C2","C2","C2","C2","C2"
"982",0.765727549544211,0.401125029389062,"C2",0.586338680130982,0.160901289202376,0.864430430591935,0.292130141855846,0.307152485814936,-0.266928851956682,-0.913482106285527,"C2","C2","C2","C2","C2","C2"
"985",0.762932762705147,0.442408335148514,"C2",0.582066400408907,0.19572513500888,0.88192490350244,0.277711644064385,0.337527813378641,-0.270585373854402,-0.815521988199882,"C2","C2","C2","C2","C2","C2"
"991",0.76264899265219,0.486200381637056,"C2",0.5816334859934,0.236390811104019,0.904446956486348,0.271284954687399,0.370800231282611,-0.27095738938911,-0.721134432162011,"C2","C2","C2","C2","C2","C2"
"992",0.768071087885772,0.504297457553116,"C2",0.589933196046034,0.254315925694536,0.918830300839371,0.27620059151805,0.38733629684085,-0.263872987766829,-0.684588991448721,"C2","C2","C2","C2","C2","C2"
"993",0.739825283200952,0.54361853827478,"C2",0.547341449663369,0.295521115156009,0.918075467932445,0.251282969000986,0.402182739032427,-0.301341224443305,-0.609507494500063,"C2","C2","C2","C2","C2","C1"
"997",0.757588054995385,0.59932912792332,"C2",0.573939661071691,0.359195403577328,0.96598916383623,0.282692955533494,0.454044588325509,-0.277615504136118,-0.511944369456446,"C2","C2","C2","C2","C2","C2"
"1003",0.770191657175593,0.534913894234177,"C2",0.593195188782887,0.286132874244772,0.937724939962492,0.280160143936441,0.411986218646471,-0.261115889683374,-0.625649490395904,"C2","C2","C2","C2","C2","C2"
"1007",0.765177375139975,0.428933847654875,"C2",0.585496415426102,0.183984245664016,0.877200468017498,0.283117600206441,0.328210475657247,-0.267647609103584,-0.846452573215045,"C2","C2","C2","C2","C2","C2"
"1011",0.797419520643558,0.341453359945472,"C2",0.635877891903402,0.116590397018052,0.867449300490498,0.345544703218786,0.272281574609851,-0.226374363968886,-1.07454418339656,"C2","C2","C2","C2","C2","C2"
"1018",0.802258947870003,0.365796655508125,"C2",0.643619419437484,0.13380719318093,0.88171798927912,0.33928965849299,0.293463639982315,-0.220323845585996,-1.00567768601926,"C2","C2","C2","C2","C2","C2"
"1019",0.810927464750726,0.37172731768403,"C2",0.657603353087039,0.138181198712564,0.89206757131935,0.344939859121996,0.301443891308098,-0.209576668138263,-0.989594710475708,"C2","C2","C2","C2","C2","C2"
"1021",0.72034962197466,0.392826548451298,"C2",0.518903577879036,0.15431269716816,0.820497577721711,0.253578984809941,0.282972455678503,-0.328018598754885,-0.934387117078803,"C2","C2","C2","C2","C2","C1"
"1023",0.739670526793665,0.380635309751448,"C2",0.547112488207217,0.144883239029581,0.831862805537546,0.27628815725521,0.281544720080123,-0.301550425992652,-0.965913554509901,"C2","C2","C2","C2","C2","C2"
"1032",0.612673084758287,0.779056513471215,"C2",0.375368308787235,0.606929051181925,0.991109156434931,0.301482822134629,0.477306957309445,-0.489923789123075,-0.249671689566593,"C2","C2","C2","C2","C2","C2"
"1039",0.647832095162364,0.799606678593403,"C2",0.419686423522458,0.639370840451174,1.02910507917007,0.335257469541173,0.518010869898984,-0.43412372860904,-0.22363532397281,"C2","C2","C2","C2","C2","C2"
"1040",0.644846281675598,0.812362415421706,"C2",0.415826726990845,0.659932693989788,1.03718822832726,0.345266583431448,0.523848882957695,-0.438743313573368,-0.207808713982605,"C2","C2","C2","C2","C2","C2"
"1041",0.582940197805822,0.82043146909688,"C2",0.339819274217891,0.673107795484465,1.00644278014319,0.330396620197268,0.478262482881456,-0.539670674555389,-0.197924895283489,"C2","C2","C2","C2","C2","C2"
"1043",0.599228658385019,0.845781725066037,"C2",0.359074985029909,0.715346726455681,1.03654315466631,0.359359064788989,0.506816648397888,-0.512112020177479,-0.167493960861929,"C2","C2","C2","C2","C2","C2"
"1054",0.695023295432573,0.771062082454437,"C2",0.483057381193953,0.594536734998973,1.03807230778637,0.336476528384907,0.535906109530585,-0.363809915371063,-0.259986386670338,"C2","C2","C2","C2","C2","C2"
"1055",0.693634302499816,0.780683331728842,"C2",0.481128545604406,0.609466464439246,1.04431557014326,0.343377357335059,0.541508738276968,-0.365810399000788,-0.247585676501591,"C2","C2","C2","C2","C2","C2"
"1061",0.504928212643944,0.833519989249883,"C2",0.254952499923808,0.694755572479125,0.974529667276955,0.330944783516301,0.420867758374943,-0.683339012991807,-0.18209759477546,"C2","C2","C2","C2","C2","C2"
"1063",0.524446144180271,0.830613344375286,"C2",0.275043758145554,0.689918527854297,0.982324939111214,0.329394952725788,0.435611965762298,-0.645412536722303,-0.185590881967892,"C2","C2","C2","C2","C2","C2"
"1067",0.414256082530159,0.852206566718024,"C2",0.171608101913234,0.726256032357322,0.947556929303224,0.357891967977431,0.353031753835085,-0.881270939548118,-0.15992633233932,"C2","C2","C2","C2","C2","C2"
"1068",0.404873059855662,0.874055053205111,"C2",0.163922194596886,0.763972236033389,0.963272770626408,0.381281031181692,0.353881343873457,-0.904181693460972,-0.134611915373186,"C2","C2","C2","C2","C2","C2"
"1071",0.344731304201082,0.825857749164494,"C2",0.118839672096179,0.682041021855043,0.894919378464464,0.354959479271918,0.284699018954046,-1.06498999379784,-0.191332736800002,"C2","C2","C2","C2","C2","C2"
"1073",0.289249007547043,0.742498698136883,"C2",0.0836649883669494,0.551304316734966,0.796849612600719,0.313842008199296,0.214767011541065,-1.24046734403941,-0.297734161657819,"C2","C2","C2","C2","C2","C2"
"1075",0.304229366516988,0.737035650441075,"C2",0.0925555074513281,0.543221550021099,0.797356292677512,0.300102728344411,0.224227889034125,-1.1899733669426,-0.305119015586756,"C2","C2","C2","C2","C2","C2"
"1078",0.265311101749111,0.664564004599576,"C2",0.0703899807113272,0.441645316209426,0.715566416848047,0.278366514387475,0.176316208243115,-1.32685217269394,-0.408624085528138,"C2","C2","C2","C2","C2","C2"
"1083",0.314563915989817,0.690637012747442,"C2",0.0989504572428487,0.476979483376711,0.758900481367326,0.258281706812498,0.217249483257345,-1.1565679929979,-0.370140900403848,"C2","C2","C2","C2","C2","C2"
"1084",0.30716687417684,0.688275714215244,"C2",0.0943514885915706,0.473723458778504,0.753707468033902,0.261736420903669,0.211415499707329,-1.18036411497845,-0.37356577392071,"C2","C2","C2","C2","C2","C2"
"1085",0.28507074326732,0.714984873250834,"C2",0.0812653286669821,0.511203368977511,0.769719882583589,0.296270595350615,0.203821269242506,-1.25501790752487,-0.335493892804467,"C2","C2","C2","C2","C2","C2"
"1088",0.278366040371789,0.697906427680388,"C2",0.0774876524322682,0.487073381797601,0.75137276649468,0.289205029477143,0.19427344882341,-1.27881833938538,-0.359670242970796,"C2","C2","C2","C2","C2","C2"
"1089",0.199896629844656,0.497216369145593,"C2",0.0399586626232516,0.247224117746327,0.535894374265655,0.292031762690959,0.0993918764958007,-1.60995489682422,-0.698729997229448,"C2","C2","C2","C2","C2","C2"
"1091",0.195218424548143,0.535577498861972,"C2",0.0381102332830589,0.286843257287246,0.570046919621802,0.298457659032831,0.104554595551269,-1.63363622140341,-0.624409677134293,"C2","C2","C2","C2","C2","C2"
"1102",0.22457914564287,0.524976526699941,"C2",0.0504357926576812,0.275600353585934,0.570995749759676,0.268210903955011,0.117898779848834,-1.49352709208904,-0.644401728437814,"C2","C2","C2","C2","C2","C2"
"1103",0.258023038893445,0.544484499656706,"C2",0.0665758885998082,0.296463370366414,0.602527392710259,0.237531719244643,0.1404895452318,-1.35470640001074,-0.607915804127805,"C2","C2","C2","C2","C2","C1"
"1106",0.377440644158061,0.805003173963683,"C2",0.142461439862452,0.648030110091604,0.889095917184449,0.323113048770306,0.303840916530136,-0.974341956674004,-0.216909058759318,"C2","C2","C2","C2","C2","C2"
"1109",0.452104613659082,0.875917437733637,"C2",0.204398581691828,0.76723135772586,0.985712909227473,0.375198367728794,0.396006314783819,-0.793841679781023,-0.132483441649992,"C2","C2","C2","C2","C2","C2"
"1114",0.44186100738632,0.855497574523483,"C2",0.195241149848454,0.731876100015562,0.962869279738437,0.356193504564931,0.3780110200955,-0.816759909285151,-0.156072020810561,"C2","C2","C2","C2","C2","C2"
"1118",0.512285541173009,0.840033515382815,"C2",0.262436475694923,0.70565630696641,0.983917060865057,0.33781795186444,0.430337024031351,-0.668873111794609,-0.174313488675476,"C2","C2","C2","C2","C2","C2"
"1120",0.498746827603512,0.816067526542446,"C2",0.248748398044568,0.665966207877106,0.956407133976777,0.313310154509616,0.40701108997329,-0.695656671493005,-0.203258174326137,"C2","C2","C2","C2","C2","C2"
"1127",0.339594257921876,0.755266439656125,"C2",0.115324260013509,0.570427394870839,0.828101234683507,0.294808414027254,0.256484146108319,-1.08000373304515,-0.280684691780956,"C2","C2","C2","C2","C2","C2"
"1131",0.172163371604665,0.827161514273946,"C2",0.0296402265222858,0.684196170695967,0.844888393350419,0.455416593160883,0.142406915159022,-1.75931141806558,-0.189755301607762,"C2","C1","C2","C2","C2","C2"
"1134",0.177458017026603,0.825410333561561,"C2",0.031491347807014,0.681302218750207,0.84427102671904,0.450459702790956,0.146475681027101,-1.72902122183662,-0.191874642282899,"C2","C1","C2","C2","C2","C2"
"1138",0.111332800903097,0.811671489741732,"C2",0.0123949925569286,0.658810607259563,0.819271383496636,0.490095151822391,0.0903656603661362,-2.1952313569925,-0.208659589964272,"C2","C1","C2","C2","C2","C2"
"1139",0.116548261118026,0.799414550619757,"C2",0.0135834971696355,0.639063623742588,0.80786578149605,0.47836226579607,0.0931703757871808,-2.14944983323393,-0.223875630944426,"C2","C1","C2","C2","C2","C2"
"1140",0.112029575597924,0.784844388748624,"C2",0.0125506258086509,0.615980714550201,0.792799684888215,0.473088403280016,0.0879257837819202,-2.18899237470821,-0.242269811743542,"C2","C1","C2","C2","C2","C2"
"1150",0.0190163881514019,0.581986769664353,"C2",0.000361623018324779,0.338708600064348,0.582297366542794,0.479437210324562,0.0110672863109179,-3.96245413730032,-0.541307564044563,"C2","C2","C2","C2","C2","C2"
"1151",0.0355854905011972,0.603717386826819,"C2",0.0012663271342108,0.364474683157003,0.604765252218755,0.467308527406432,0.0214835793343334,-3.33581729439455,-0.504649093152508,"C2","C2","C2","C2","C2","C2"
"1152",0.0167150913135758,0.601618758924071,"C2",0.000279394277621179,0.361945131089339,0.601850916230058,0.485319507505606,0.010056112491376,-4.09144329615306,-0.508131325110455,"C2","C1","C2","C2","C2","C2"
"1156",0.0308728281459446,0.447273007359677,"C2",0.000953131517729029,0.200053143112569,0.448337233151897,0.464337502683335,0.0138085826905351,-3.4778788299594,-0.80458611608369,"C2","C2","C2","C2","C2","C2"
"1159",0.02293448951002,0.456445540913132,"C2",0.000525990809085217,0.208342531819482,0.45702135905072,0.471228601170977,0.0104683454699676,-3.77511340930062,-0.784285883077518,"C2","C2","C2","C2","C2","C2"
"1168",0.111546770229601,0.721776077384839,"C2",0.0124426819486554,0.520960705885046,0.730344704802945,0.438845382146557,0.0805117902612693,-2.19331131208976,-0.326040330319588,"C2","C2","C2","C2","C2","C2"
"1171",0.0639406032129033,0.593141728534654,"C2",0.00408840073922994,0.351817110129077,0.596578168279989,0.437359152379077,0.0379258399132499,-2.74980070134891,-0.522321905953031,"C2","C2","C2","C2","C2","C2"
"1172",0.0590529947692956,0.588680203666195,"C2",0.00348725619122245,0.346544382188473,0.591634717016923,0.441252916257724,0.0347633289878876,-2.82932002180266,-0.529872190715308,"C2","C2","C2","C2","C2","C2"
"1173",0.0398114337179611,0.593652634072002,"C2",0.00158495025467961,0.352423449940626,0.594986050420769,0.461095606131742,0.0236341624928505,-3.2236011286028,-0.52146092180109,"C2","C2","C2","C2","C2","C2"
"1174",0.0483770362681206,0.589544529764254,"C2",0.00234033763808706,0.347562752574955,0.591526068920924,0.451894706688418,0.0285204170980774,-3.02873003512025,-0.528405023665459,"C2","C2","C2","C2","C2","C2"
"1175",0.0597417445806387,0.609146149044705,"C2",0.00356907604553828,0.371059030895994,0.612068710964327,0.445018148524794,0.0363914536485085,-2.81772426373073,-0.495697058052306,"C2","C2","C2","C2","C2","C2"
"1176",0.0623743005649204,0.587320775986951,"C2",0.00389055337096303,0.344945693905914,0.590623608804184,0.437731132173248,0.0366337226094324,-2.77460193836137,-0.532184141654617,"C2","C2","C2","C2","C2","C2"
"1177",0.0513409810819755,0.362698094899388,"C2",0.00263589633845977,0.131549908043645,0.366313805885207,0.462284975391813,0.018621276028698,-2.96926599421694,-1.01418448525908,"C2","C2","C2","C2","C2","C2"
"1184",0.166358631890999,0.122001990142185,"C2",0.027675194404645,0.0148844855986538,0.206299975771445,0.500991590192047,0.0202960841680331,-1.79360938792701,-2.10371792174107,"C2","C2","C2","C2","C2","C2"
"1189",0.190289168327417,0.0511695618281135,"C2",0.0362099675827399,0.00261832405768113,0.197048957471033,0.543096013253908,0.00973701336395004,-1.65921042523105,-2.97261041926388,"C2","C2","C2","C2","C2","C2"
"1191",0.190863519925065,0.0699549034930775,"C2",0.0364288832381856,0.00489368852272578,0.203279540930491,0.527248301914293,0.013351839116707,-1.65619666171803,-2.65990448035502,"C2","C2","C2","C2","C2","C2"
"1197",0.00709371675486969,0.436787227345549,"C2",5.0320817398319e-05,0.190783081972213,0.436844826900366,0.489258932675406,0.0030984448729342,-4.94854585084964,-0.828309096404005,"C2","C2","C2","C1","C2","C2"
"1199",0.0242305301161469,0.430010946434026,"C2",0.000587118589709504,0.184909414053087,0.430693084043378,0.473279818026464,0.0104193931878425,-3.72014186588924,-0.843944613795232,"C2","C2","C2","C2","C2","C2"
"1202",0.0201460857120426,0.423184168600204,"C2",0.000405864769516967,0.179084840553846,0.423663434017338,0.478405143112027,0.0085255045325992,-3.90474526692674,-0.859947807927461,"C2","C2","C2","C2","C2","C2"
"1205",0.0356016018539402,0.328883638184618,"C2",0.00126747405456648,0.10816444746555,0.330804959938809,0.488306403029464,0.0117087843429241,-3.33536464623924,-1.1120512741069,"C2","C2","C2","C2","C2","C2"
"1206",0.0299621613194567,0.338003954493547,"C2",0.000897731110933146,0.114246673253276,0.339329344979489,0.490440038305915,0.0101273290111499,-3.50781998276631,-1.08469768388251,"C2","C2","C2","C2","C2","C2"
"1207",0.0199315959009633,0.334733539407305,"C2",0.000397268515159297,0.112046542404142,0.335326424427455,0.500986364760091,0.00667177364196559,-3.91544907265153,-1.09442046841359,"C2","C2","C2","C2","C2","C2"
"1213",0.0709320356303977,0.230342712596063,"C2",0.00503135367867201,0.0530577652461123,0.241016843653684,0.501441203253155,0.0163386774970664,-2.64603310503435,-1.46818702432351,"C2","C2","C2","C2","C2","C2"
"1218",0.101121031500667,0.219384300451177,"C2",0.010225463011759,0.0481294712844523,0.241567659872366,0.482733058285742,0.0221843667566753,-2.29143714787744,-1.51693029044162,"C2","C2","C2","C2","C2","C2"
"1219",0.0936653423197806,0.205932470549709,"C2",0.00877319635188168,0.0424081824267066,0.22623301876293,0.496709388272892,0.0192887353487966,-2.36802703735118,-1.58020697680043,"C2","C2","C2","C2","C2","C2"
"1220",0.0844286447057015,0.233457394953044,"C2",0.00712819604684158,0.0545023552582614,0.248255012648492,0.488441513016383,0.0197104914524092,-2.4718485427131,-1.4547556812494,"C2","C2","C2","C2","C2","C2"
"1221",0.0988827725625352,0.157007027989701,"C2",0.00977780270965406,0.0246512068381587,0.185550557929134,0.523486233568101,0.0155252902394252,-2.31382024599621,-1.85146471037011,"C2","C2","C2","C2","C2","C2"
"1223",0.112709779506929,0.187483858475727,"C2",0.0127034943965005,0.0351501971889465,0.218754866426891,0.493163989549056,0.0211312643499075,-2.18293908701674,-1.67406252540692,"C2","C2","C2","C2","C2","C2"
"1224",0.0971013026448502,0.174542847980784,"C2",0.00942866297532679,0.0304652057812431,0.199734495660038,0.513439427223883,0.0169483379062762,-2.3320004882769,-1.74558502031361,"C2","C2","C2","C2","C2","C2"
"1226",0.0906501407280878,0.172257663474072,"C2",0.00821744801402212,0.0296727026255467,0.194653925312511,0.519866118427231,0.0156151814354162,-2.40074778934908,-1.75876387966253,"C2","C2","C2","C2","C2","C2"
"1229",0.0765989713536929,0.182874296038827,"C2",0.00586740241244386,0.0334430081516966,0.198268531452019,0.524239525666428,0.0140079829636049,-2.56917163112872,-1.698956269061,"C2","C2","C2","C2","C2","C2"
"1233",0.15115535589852,0.0900369691780817,"C2",0.0228479416168084,0.00810665581877483,0.175939186753785,0.535247432375852,0.0136095701201371,-1.88944712405749,-2.40753492434886,"C2","C2","C2","C2","C2","C2"
"1240",0.185067370799098,0.0557567985155744,"C2",0.0342499317344908,0.00310882058070635,0.193284123287965,0.542224539662981,0.0103187641054524,-1.68703535371472,-2.88675592960907,"C2","C2","C2","C2","C2","C2"
"1241",0.754676863959932,0.0363309728643998,"C2",0.569537168996397,0.00131993958927375,0.755550864327261,0.535433523276732,0.0274181446659186,-0.281465616104067,-3.31508465456642,"C2","C1","C2","C2","C2","C2"
"1242",0.758829457568969,0.0385163351495751,"C2",0.575822145674416,0.00148350807335439,0.759806326472589,0.53558822869921,0.0292273297090967,-0.275978220418914,-3.25667283807443,"C2","C1","C2","C2","C2","C2"
"1244",0.765578060360887,0.0563614655012752,"C2",0.586109766505938,0.00317661479345143,0.7676499080306,0.523689141135446,0.0431491014375633,-0.267124096044906,-2.87596958978306,"C2","C1","C2","C2","C2","C2"
"1247",0.767847470427929,0.0357429400332131,"C2",0.589589737842569,0.00127755776221787,0.768678928815397,0.542525613607892,0.0274451260901598,-0.264164171772925,-3.33140251093262,"C2","C1","C2","C2","C2","C2"
"1249",0.872099260291601,0.186490370936354,"C2",0.760557119801158,0.034778658451979,0.891816000222656,0.494614459149537,0.162638114545101,-0.136852030941735,-1.67937567159923,"C2","C1","C2","C2","C2","C2"
"1250",0.883474035701845,0.196185064714661,"C2",0.780526371759304,0.0384885796170958,0.904994448257226,0.497376211696788,0.173324410867889,-0.123893375654398,-1.62869685750748,"C2","C1","C2","C2","C2","C2"
"1252",0.877864341895919,0.206205619519119,"C2",0.770645802772356,0.0425207575212635,0.901757484190522,0.486801713079001,0.181020560474391,-0.130263205375833,-1.5788814550106,"C2","C1","C2","C2","C2","C2"
"1254",0.85027220259422,0.161522886348688,"C2",0.722962818504426,0.0260896428144113,0.865478169175189,0.494915573923817,0.137338420345075,-0.162198742416989,-1.82310843522211,"C2","C1","C2","C2","C2","C2"
"1257",0.762713747490427,0.0541468712787853,"C2",0.581732260610891,0.00293188366928134,0.764633339764996,0.524092534563541,0.0412985631079241,-0.270872485206554,-2.91605508598952,"C2","C1","C2","C2","C2","C2"
"1272",0.834377319662521,0.1595380949751,"C2",0.696185511567212,0.025452403748284,0.849492740001641,0.484932456032063,0.133114968069389,-0.181069557277512,-1.83547254530568,"C2","C1","C2","C2","C2","C2"
"1275",0.679676258718703,0.0309011506125564,"C2",0.461959816665853,0.000954881109179895,0.680378348990496,0.507926160396553,0.0210027784384455,-0.386138684298423,-3.47696185911939,"C2","C2","C2","C2","C2","C2"
"1288",0.709244854838535,0.032675381088128,"C2",0.503028264114934,0.00106768052925439,0.709997144109882,0.517974786178836,0.0231748459166432,-0.343554459688845,-3.42113335655201,"C2","C1","C2","C2","C2","C2"
"1292",0.859713428534573,0.222000330760496,"C2",0.739107179202671,0.0492841468577695,0.887914030782508,0.46278765737316,0.190856665493915,-0.151156167899799,-1.50507640719882,"C2","C1","C2","C2","C2","C2"
"1293",0.944329285535686,0.363527158425582,"C2",0.89175779952034,0.132151994912978,1.01188427917095,0.473414713098989,0.343289341788848,-0.0572803542365911,-1.01190127111151,"C2","C1","C1","C1","C1","C2"
"1294",0.938337194142419,0.368416373556451,"C2",0.880476689911067,0.135730624304486,1.00807108589402,0.466258305895006,0.345698786239085,-0.0636459125459311,-0.998541530538554,"C2","C1","C1","C1","C1","C2"
"1295",0.946502385140451,0.346518686417414,"C2",0.895866765076562,0.12007520003645,1.00793946500423,0.480750154318803,0.327980763189818,-0.0549817883777195,-1.05981853275171,"C2","C1","C1","C1","C1","C2"
"1296",0.956880399294558,0.372837148303836,"C2",0.915620098554114,0.139007539155337,1.02695065008473,0.482834811861182,0.356760559340819,-0.044076869952997,-0.986613554397349,"C2","C1","C1","C1","C1","C2"
"1301",0.89098482417201,0.7032080374942,"C2",0.793853956904828,0.494501543996445,1.13505748792793,0.446586386484853,0.626547689643115,-0.115427884011026,-0.352102502792815,"C1","C2","C2","C2","C2","C2"
"1303",0.874192042014183,0.674080736646658,"C2",0.764211726320927,0.454384839518101,1.10390061411299,0.418918447904343,0.589276015651567,-0.134455199758183,-0.394405387934175,"C2","C2","C2","C2","C2","C2"
"1311",0.898434285099055,0.668160852486945,"C2",0.80718416464145,0.446438924796081,1.1196531112079,0.43888989089739,0.600298617835283,-0.1071017138873,-0.403226337296323,"C1","C2","C2","C2","C2","C2"
"1313",0.883294674756618,0.785121460079374,"C2",0.780209482453399,0.616415707077168,1.18178897842659,0.482593783993584,0.693493604725252,-0.12409641405414,-0.241916846952832,"C1","C2","C2","C2","C2","C2"
"1314",0.858963038153066,0.78218443788005,"C2",0.737817500913145,0.61181249486173,1.1617357684839,0.461293231969138,0.671867521157496,-0.152029386849071,-0.245664712179463,"C1","C2","C2","C2","C2","C2"
"1315",0.858011005549618,0.795900931989696,"C2",0.736182885644266,0.633458293542066,1.17031670037915,0.468982926270644,0.682891758974357,-0.153138352595533,-0.228280558182584,"C1","C2","C2","C2","C2","C2"
"1316",0.871905402701633,0.804632033419133,"C2",0.760219031260297,0.647432709204209,1.18644500102807,0.48528999873877,0.701563017124943,-0.137074344098208,-0.217370207408931,"C1","C2","C2","C2","C2","C2"
"1317",0.913053193223554,0.730147407337033,"C2",0.83366613365573,0.533115236440991,1.16909425201594,0.478605833654052,0.666663421792977,-0.0909611380651068,-0.314508837365437,"C1","C1","C2","C2","C2","C2"
"1324",0.875730741692339,0.82577549663053,"C2",0.766904331945015,0.681905170835399,1.20366502930858,0.501635047626995,0.723156988135614,-0.132696607791683,-0.19143233825116,"C1","C2","C2","C2","C2","C2"
"1326",0.851980141638013,0.890974808306134,"C2",0.725870161745528,0.793836109036152,1.23276367191027,0.52946238147414,0.759092843376561,-0.16019206036106,-0.115439125417053,"C1","C1","C2","C2","C2","C2"
"1328",0.845232398461861,0.869093640722432,"C2",0.71441780740959,0.755323756344172,1.21232898330188,0.508929195359909,0.734586102435772,-0.16814366167265,-0.140304402649336,"C1","C2","C2","C2","C2","C2"
"1329",0.906008452481386,0.831490375749487,"C2",0.820851315967716,0.691376244964022,1.22972662040461,0.528699216843495,0.753337308585958,-0.0987066435330234,-0.184535554980799,"C1","C1","C2","C2","C2","C2"
"1340",0.753075585961658,0.94784295183246,"C2",0.567122838171494,0.898406261338472,1.21059039295295,0.516004017072656,0.713797386350858,-0.283589676456797,-0.0535664530746705,"C1","C1","C2","C2","C1","C2"
"1342",0.747641605856098,0.938137114854837,"C2",0.558967970807084,0.880101246268158,1.1996121110906,0.504882916998988,0.701390339063277,-0.290831552386277,-0.0638591627752366,"C1","C2","C2","C2","C1","C2"
"1345",0.60128382468737,0.987264250369155,"C2",0.361542237830672,0.97469070005697,1.15595542210227,0.496632963774983,0.593626024439075,-0.508688201868257,-0.0128175445116979,"C1","C1","C2","C2","C1","C2"
"1347",0.636455650260789,0.983101090663405,"C2",0.405075794748884,0.966487754463577,1.17113771573307,0.501558987913632,0.625700243930269,-0.451840540928701,-0.0170433251973975,"C1","C1","C2","C2","C1","C2"
"1348",0.618435540081626,0.978505264118954,"C2",0.382462517236052,0.957472551908503,1.15755564408134,0.49222155943995,0.605142431488119,-0.4805623123357,-0.0217291123761606,"C1","C1","C2","C2","C1","C2"
"1349",0.611307449519612,0.986254014211958,"C2",0.373696797838174,0.972696980549201,1.16034209541298,0.497956195227927,0.602904426006392,-0.4921552556654,-0.0138413366534461,"C1","C1","C2","C2","C1","C2"
"1351",0.661530266796152,0.982371952800036,"C2",0.437622293887388,0.965054653648156,1.18434663318454,0.508665865330283,0.649868780028865,-0.413199541679965,-0.0177852716710393,"C1","C1","C2","C2","C1","C2"
"1362",0.368976970755032,0.970247099514251,"C2",0.13614400494756,0.941379434115816,1.03803826473949,0.483301089484121,0.357998835662624,-0.997021046767149,-0.0302044981586145,"C2","C1","C1","C1","C1","C2"
"1369",0.264166121514741,0.950065496430453,"C2",0.0697837397561409,0.902624447507644,0.986107594161907,0.501864699325653,0.25097511737701,-1.33117712556754,-0.0512243531530485,"C2","C1","C2","C2","C1","C2"
"1371",0.250363989341506,0.955967733710875,"C2",0.0626821271589937,0.913874307896307,0.988208700151593,0.513476949993275,0.239339895493613,-1.38483946263213,-0.0450311178487824,"C2","C1","C1","C1","C1","C2"
"1372",0.260944494738857,0.0339409563568548,"C2",0.0680920293345174,0.00115198851841793,0.263142580843419,0.522674019213275,0.00885670570749309,-1.3434475581114,-3.38313284170461,"C2","C2","C2","C2","C2","C2"
"1373",0.263995752067248,0.0307617993458544,"C2",0.0696937571095518,0.000946288298994608,0.265781950870533,0.524194292086814,0.0081209843532506,-1.33182226661964,-3.48148163976638,"C2","C2","C2","C2","C2","C2"
"1374",0.255962625886136,0.0203704901338973,"C2",0.0655168658505262,0.000414956868295207,0.256771927435266,0.537051387072527,0.00521408414525999,-1.36272383779282,-3.89366798747682,"C2","C2","C2","C2","C2","C2"
"1375",0.278072829108659,0.0567342229132519,"C2",0.0773244982884937,0.00321877204957056,0.283801462889225,0.494686772746191,0.0157762458727693,-1.27987222439001,-2.86937767161184,"C2","C2","C2","C1","C2","C2"
"1376",0.260406280383433,0.0522547746217125,"C2",0.0678114308631352,0.00273056147076596,0.265597425314895,0.506555028775172,0.0136074714915148,-1.34551225072261,-2.95162401199229,"C2","C2","C2","C2","C2","C2"
"1380",0.172280668044385,0.120100318935122,"C2",0.0296806285818195,0.014424086608318,0.210011226343111,0.498622360157484,0.0206909631784865,-1.75863034113724,-2.11942789432002,"C2","C2","C2","C2","C2","C2"
"1382",0.177746141492311,0.10657875578254,"C2",0.0315936908154045,0.0113590311841543,0.207250384799543,0.505661726673104,0.0189439626053978,-1.72739891803195,-2.23887107620547,"C2","C2","C2","C2","C2","C2"
"1384",0.134916136979819,0.126893375226251,"C2",0.0182023640175574,0.0161019286763102,0.185214180596053,0.518410652136367,0.0171199639938565,-2.00310190112996,-2.06440811030338,"C2","C2","C2","C2","C2","C2"
"1386",0.147931618699464,0.111187762635053,"C2",0.0218837638110435,0.0123627185597888,0.18505805135371,0.521231640255099,0.0164481857061751,-1.91100514780389,-2.19653495146734,"C2","C2","C2","C2","C2","C2"
"1387",0.143385039039853,0.143206778713621,"C2",0.0205592694204602,0.020508181469532,0.20265105696737,0.500775062597647,0.0205337095566241,-1.94222168652542,-1.94346568819035,"C2","C2","C2","C2","C2","C2"
